file,line,type,commit,author,date,time,timezone,datetime,depth,length
style.css,1,css,79f8001d,Varick Janiro Hasim,2025-04-04,23:23:14,-07:00,2025-04-04T23:23:14-07:00,0,4
style.css,2,css,79f8001d,Varick Janiro Hasim,2025-04-04,23:23:14,-07:00,2025-04-04T23:23:14-07:00,2,43
style.css,3,css,79f8001d,Varick Janiro Hasim,2025-04-04,23:23:14,-07:00,2025-04-04T23:23:14-07:00,4,42
style.css,4,css,79f8001d,Varick Janiro Hasim,2025-04-04,23:23:14,-07:00,2025-04-04T23:23:14-07:00,3,0
style.css,5,css,79f8001d,Varick Janiro Hasim,2025-04-04,23:23:14,-07:00,2025-04-04T23:23:14-07:00,2,23
style.css,6,css,a3961329,Varick Janiro Hasim,2025-04-10,14:14:51,-07:00,2025-04-10T14:14:51-07:00,2,15
style.css,7,css,a3961329,Varick Janiro Hasim,2025-04-10,14:14:51,-07:00,2025-04-10T14:14:51-07:00,2,18
style.css,8,css,a3961329,Varick Janiro Hasim,2025-04-10,14:14:51,-07:00,2025-04-10T14:14:51-07:00,2,11
style.css,9,css,4620788c,Varick Janiro Hasim,2025-05-02,22:30:58,-07:00,2025-05-02T22:30:58-07:00,2,18
style.css,10,css,a3961329,Varick Janiro Hasim,2025-04-10,14:14:51,-07:00,2025-04-10T14:14:51-07:00,1,0
style.css,11,css,a3961329,Varick Janiro Hasim,2025-04-10,14:14:51,-07:00,2025-04-10T14:14:51-07:00,0,0
style.css,12,css,a3961329,Varick Janiro Hasim,2025-04-10,14:14:51,-07:00,2025-04-10T14:14:51-07:00,0,1
style.css,13,css,a3961329,Varick Janiro Hasim,2025-04-10,14:14:51,-07:00,2025-04-10T14:14:51-07:00,1,16
style.css,14,css,a3961329,Varick Janiro Hasim,2025-04-10,14:14:51,-07:00,2025-04-10T14:14:51-07:00,0,0
style.css,15,css,a3961329,Varick Janiro Hasim,2025-04-10,14:14:51,-07:00,2025-04-10T14:14:51-07:00,0,0
style.css,16,css,a3961329,Varick Janiro Hasim,2025-04-10,14:14:51,-07:00,2025-04-10T14:14:51-07:00,0,1
style.css,17,css,a3961329,Varick Janiro Hasim,2025-04-10,14:14:51,-07:00,2025-04-10T14:14:51-07:00,1,16
style.css,18,css,a3961329,Varick Janiro Hasim,2025-04-10,14:14:51,-07:00,2025-04-10T14:14:51-07:00,0,0
style.css,19,css,a3961329,Varick Janiro Hasim,2025-04-10,14:14:51,-07:00,2025-04-10T14:14:51-07:00,0,0
style.css,20,css,a3961329,Varick Janiro Hasim,2025-04-10,14:14:51,-07:00,2025-04-10T14:14:51-07:00,0,3
style.css,21,css,a3961329,Varick Janiro Hasim,2025-04-10,14:14:51,-07:00,2025-04-10T14:14:51-07:00,1,12
style.css,22,css,a3961329,Varick Janiro Hasim,2025-04-10,14:14:51,-07:00,2025-04-10T14:14:51-07:00,1,19
style.css,23,css,36e2dc98,Varick Janiro Hasim,2025-04-17,23:37:27,-07:00,2025-04-17T23:37:27-07:00,1,39
style.css,24,css,36e2dc98,Varick Janiro Hasim,2025-04-17,23:37:27,-07:00,2025-04-17T23:37:27-07:00,1,43
style.css,25,css,a3961329,Varick Janiro Hasim,2025-04-10,14:14:51,-07:00,2025-04-10T14:14:51-07:00,0,0
style.css,26,css,a3961329,Varick Janiro Hasim,2025-04-10,14:14:51,-07:00,2025-04-10T14:14:51-07:00,0,0
style.css,27,css,a3961329,Varick Janiro Hasim,2025-04-10,14:14:51,-07:00,2025-04-10T14:14:51-07:00,0,1
style.css,28,css,a3961329,Varick Janiro Hasim,2025-04-10,14:14:51,-07:00,2025-04-10T14:14:51-07:00,1,6
style.css,29,css,a3961329,Varick Janiro Hasim,2025-04-10,14:14:51,-07:00,2025-04-10T14:14:51-07:00,1,20
style.css,30,css,a3961329,Varick Janiro Hasim,2025-04-10,14:14:51,-07:00,2025-04-10T14:14:51-07:00,1,12
style.css,31,css,a3961329,Varick Janiro Hasim,2025-04-10,14:14:51,-07:00,2025-04-10T14:14:51-07:00,1,17
style.css,32,css,a3961329,Varick Janiro Hasim,2025-04-10,14:14:51,-07:00,2025-04-10T14:14:51-07:00,1,13
style.css,33,css,a3961329,Varick Janiro Hasim,2025-04-10,14:14:51,-07:00,2025-04-10T14:14:51-07:00,0,0
style.css,34,css,a3961329,Varick Janiro Hasim,2025-04-10,14:14:51,-07:00,2025-04-10T14:14:51-07:00,0,0
style.css,35,css,a3961329,Varick Janiro Hasim,2025-04-10,14:14:51,-07:00,2025-04-10T14:14:51-07:00,0,8
style.css,36,css,36e2dc98,Varick Janiro Hasim,2025-04-17,23:37:27,-07:00,2025-04-17T23:37:27-07:00,1,45
style.css,37,css,a3961329,Varick Janiro Hasim,2025-04-10,14:14:51,-07:00,2025-04-10T14:14:51-07:00,1,20
style.css,38,css,a3961329,Varick Janiro Hasim,2025-04-10,14:14:51,-07:00,2025-04-10T14:14:51-07:00,0,0
style.css,39,css,a3961329,Varick Janiro Hasim,2025-04-10,14:14:51,-07:00,2025-04-10T14:14:51-07:00,0,0
style.css,40,css,a3961329,Varick Janiro Hasim,2025-04-10,14:14:51,-07:00,2025-04-10T14:14:51-07:00,0,3
style.css,41,css,a3961329,Varick Janiro Hasim,2025-04-10,14:14:51,-07:00,2025-04-10T14:14:51-07:00,1,31
style.css,42,css,a3961329,Varick Janiro Hasim,2025-04-10,14:14:51,-07:00,2025-04-10T14:14:51-07:00,0,0
style.css,43,css,a3961329,Varick Janiro Hasim,2025-04-10,14:14:51,-07:00,2025-04-10T14:14:51-07:00,0,0
style.css,44,css,a3961329,Varick Janiro Hasim,2025-04-10,14:14:51,-07:00,2025-04-10T14:14:51-07:00,0,6
style.css,45,css,a3961329,Varick Janiro Hasim,2025-04-10,14:14:51,-07:00,2025-04-10T14:14:51-07:00,1,45
style.css,46,css,36e2dc98,Varick Janiro Hasim,2025-04-17,23:37:27,-07:00,2025-04-17T23:37:27-07:00,1,69
style.css,47,css,a3961329,Varick Janiro Hasim,2025-04-10,14:14:51,-07:00,2025-04-10T14:14:51-07:00,1,20
style.css,48,css,a3961329,Varick Janiro Hasim,2025-04-10,14:14:51,-07:00,2025-04-10T14:14:51-07:00,0,0
style.css,49,css,a3961329,Varick Janiro Hasim,2025-04-10,14:14:51,-07:00,2025-04-10T14:14:51-07:00,0,0
style.css,50,css,a3961329,Varick Janiro Hasim,2025-04-10,14:14:51,-07:00,2025-04-10T14:14:51-07:00,0,4
style.css,51,css,a3961329,Varick Janiro Hasim,2025-04-10,14:14:51,-07:00,2025-04-10T14:14:51-07:00,1,16
style.css,52,css,a3961329,Varick Janiro Hasim,2025-04-10,14:14:51,-07:00,2025-04-10T14:14:51-07:00,1,21
style.css,53,css,a3961329,Varick Janiro Hasim,2025-04-10,14:14:51,-07:00,2025-04-10T14:14:51-07:00,1,11
style.css,54,css,a3961329,Varick Janiro Hasim,2025-04-10,14:14:51,-07:00,2025-04-10T14:14:51-07:00,1,29
style.css,55,css,a3961329,Varick Janiro Hasim,2025-04-10,14:14:51,-07:00,2025-04-10T14:14:51-07:00,1,18
style.css,56,css,a3961329,Varick Janiro Hasim,2025-04-10,14:14:51,-07:00,2025-04-10T14:14:51-07:00,0,0
style.css,57,css,a3961329,Varick Janiro Hasim,2025-04-10,14:14:51,-07:00,2025-04-10T14:14:51-07:00,0,0
style.css,58,css,36e2dc98,Varick Janiro Hasim,2025-04-17,23:37:27,-07:00,2025-04-17T23:37:27-07:00,0,4
style.css,59,css,a3961329,Varick Janiro Hasim,2025-04-10,14:14:51,-07:00,2025-04-10T14:14:51-07:00,1,11
style.css,60,css,a3961329,Varick Janiro Hasim,2025-04-10,14:14:51,-07:00,2025-04-10T14:14:51-07:00,1,12
style.css,61,css,a3961329,Varick Janiro Hasim,2025-04-10,14:14:51,-07:00,2025-04-10T14:14:51-07:00,1,10
style.css,62,css,a3961329,Varick Janiro Hasim,2025-04-10,14:14:51,-07:00,2025-04-10T14:14:51-07:00,1,21
style.css,63,css,a3961329,Varick Janiro Hasim,2025-04-10,14:14:51,-07:00,2025-04-10T14:14:51-07:00,0,0
style.css,64,css,a3961329,Varick Janiro Hasim,2025-04-10,14:14:51,-07:00,2025-04-10T14:14:51-07:00,0,0
style.css,65,css,a3961329,Varick Janiro Hasim,2025-04-10,14:14:51,-07:00,2025-04-10T14:14:51-07:00,0,7
style.css,66,css,a3961329,Varick Janiro Hasim,2025-04-10,14:14:51,-07:00,2025-04-10T14:14:51-07:00,1,11
style.css,67,css,a3961329,Varick Janiro Hasim,2025-04-10,14:14:51,-07:00,2025-04-10T14:14:51-07:00,1,12
style.css,68,css,a3961329,Varick Janiro Hasim,2025-04-10,14:14:51,-07:00,2025-04-10T14:14:51-07:00,1,10
style.css,69,css,a3961329,Varick Janiro Hasim,2025-04-10,14:14:51,-07:00,2025-04-10T14:14:51-07:00,1,21
style.css,70,css,36e2dc98,Varick Janiro Hasim,2025-04-17,23:37:27,-07:00,2025-04-17T23:37:27-07:00,0,0
style.css,71,css,a3961329,Varick Janiro Hasim,2025-04-10,14:14:51,-07:00,2025-04-10T14:14:51-07:00,0,0
style.css,72,css,a3961329,Varick Janiro Hasim,2025-04-10,14:14:51,-07:00,2025-04-10T14:14:51-07:00,0,5
style.css,73,css,a3961329,Varick Janiro Hasim,2025-04-10,14:14:51,-07:00,2025-04-10T14:14:51-07:00,1,11
style.css,74,css,a3961329,Varick Janiro Hasim,2025-04-10,14:14:51,-07:00,2025-04-10T14:14:51-07:00,0,0
style.css,75,css,a3961329,Varick Janiro Hasim,2025-04-10,14:14:51,-07:00,2025-04-10T14:14:51-07:00,0,0
style.css,76,css,a3961329,Varick Janiro Hasim,2025-04-10,14:14:51,-07:00,2025-04-10T14:14:51-07:00,0,3
style.css,77,css,a3961329,Varick Janiro Hasim,2025-04-10,14:14:51,-07:00,2025-04-10T14:14:51-07:00,1,11
style.css,78,css,a3961329,Varick Janiro Hasim,2025-04-10,14:14:51,-07:00,2025-04-10T14:14:51-07:00,1,30
style.css,79,css,a3961329,Varick Janiro Hasim,2025-04-10,14:14:51,-07:00,2025-04-10T14:14:51-07:00,1,7
style.css,80,css,a3961329,Varick Janiro Hasim,2025-04-10,14:14:51,-07:00,2025-04-10T14:14:51-07:00,0,0
style.css,81,css,a3961329,Varick Janiro Hasim,2025-04-10,14:14:51,-07:00,2025-04-10T14:14:51-07:00,0,0
style.css,82,css,a3961329,Varick Janiro Hasim,2025-04-10,14:14:51,-07:00,2025-04-10T14:14:51-07:00,0,8
style.css,83,css,a3961329,Varick Janiro Hasim,2025-04-10,14:14:51,-07:00,2025-04-10T14:14:51-07:00,1,12
style.css,84,css,a3961329,Varick Janiro Hasim,2025-04-10,14:14:51,-07:00,2025-04-10T14:14:51-07:00,1,58
style.css,85,css,a3961329,Varick Janiro Hasim,2025-04-10,14:14:51,-07:00,2025-04-10T14:14:51-07:00,1,7
style.css,86,css,a3961329,Varick Janiro Hasim,2025-04-10,14:14:51,-07:00,2025-04-10T14:14:51-07:00,0,0
style.css,87,css,a3961329,Varick Janiro Hasim,2025-04-10,14:14:51,-07:00,2025-04-10T14:14:51-07:00,0,0
style.css,88,css,a3961329,Varick Janiro Hasim,2025-04-10,14:14:51,-07:00,2025-04-10T14:14:51-07:00,0,6
style.css,89,css,a3961329,Varick Janiro Hasim,2025-04-10,14:14:51,-07:00,2025-04-10T14:14:51-07:00,1,26
style.css,90,css,a3961329,Varick Janiro Hasim,2025-04-10,14:14:51,-07:00,2025-04-10T14:14:51-07:00,1,15
style.css,91,css,a3961329,Varick Janiro Hasim,2025-04-10,14:14:51,-07:00,2025-04-10T14:14:51-07:00,0,0
style.css,92,css,a3961329,Varick Janiro Hasim,2025-04-10,14:14:51,-07:00,2025-04-10T14:14:51-07:00,0,0
style.css,93,css,a3961329,Varick Janiro Hasim,2025-04-10,14:14:51,-07:00,2025-04-10T14:14:51-07:00,0,1
style.css,94,css,a3961329,Varick Janiro Hasim,2025-04-10,14:14:51,-07:00,2025-04-10T14:14:51-07:00,1,8
style.css,95,css,a3961329,Varick Janiro Hasim,2025-04-10,14:14:51,-07:00,2025-04-10T14:14:51-07:00,0,0
style.css,96,css,a3961329,Varick Janiro Hasim,2025-04-10,14:14:51,-07:00,2025-04-10T14:14:51-07:00,0,0
style.css,97,css,a3961329,Varick Janiro Hasim,2025-04-10,14:14:51,-07:00,2025-04-10T14:14:51-07:00,0,1
style.css,98,css,a3961329,Varick Janiro Hasim,2025-04-10,14:14:51,-07:00,2025-04-10T14:14:51-07:00,1,13
style.css,99,css,36e2dc98,Varick Janiro Hasim,2025-04-17,23:37:27,-07:00,2025-04-17T23:37:27-07:00,0,0
style.css,100,css,36e2dc98,Varick Janiro Hasim,2025-04-17,23:37:27,-07:00,2025-04-17T23:37:27-07:00,0,0
style.css,101,css,36e2dc98,Varick Janiro Hasim,2025-04-17,23:37:27,-07:00,2025-04-17T23:37:27-07:00,0,4
style.css,102,css,36e2dc98,Varick Janiro Hasim,2025-04-17,23:37:27,-07:00,2025-04-17T23:37:27-07:00,1,22
style.css,103,css,36e2dc98,Varick Janiro Hasim,2025-04-17,23:37:27,-07:00,2025-04-17T23:37:27-07:00,0,0
style.css,104,css,36e2dc98,Varick Janiro Hasim,2025-04-17,23:37:27,-07:00,2025-04-17T23:37:27-07:00,0,0
style.css,105,css,36e2dc98,Varick Janiro Hasim,2025-04-17,23:37:27,-07:00,2025-04-17T23:37:27-07:00,0,18
style.css,106,css,36e2dc98,Varick Janiro Hasim,2025-04-17,23:37:27,-07:00,2025-04-17T23:37:27-07:00,1,16
style.css,107,css,36e2dc98,Varick Janiro Hasim,2025-04-17,23:37:27,-07:00,2025-04-17T23:37:27-07:00,1,8
style.css,108,css,36e2dc98,Varick Janiro Hasim,2025-04-17,23:37:27,-07:00,2025-04-17T23:37:27-07:00,1,10
style.css,109,css,36e2dc98,Varick Janiro Hasim,2025-04-17,23:37:27,-07:00,2025-04-17T23:37:27-07:00,1,19
style.css,110,css,36e2dc98,Varick Janiro Hasim,2025-04-17,23:37:27,-07:00,2025-04-17T23:37:27-07:00,1,13
style.css,111,css,36e2dc98,Varick Janiro Hasim,2025-04-17,23:37:27,-07:00,2025-04-17T23:37:27-07:00,0,0
style.css,112,css,36e2dc98,Varick Janiro Hasim,2025-04-17,23:37:27,-07:00,2025-04-17T23:37:27-07:00,0,0
style.css,113,css,36e2dc98,Varick Janiro Hasim,2025-04-17,23:37:27,-07:00,2025-04-17T23:37:27-07:00,0,5
style.css,114,css,36e2dc98,Varick Janiro Hasim,2025-04-17,23:37:27,-07:00,2025-04-17T23:37:27-07:00,1,11
style.css,115,css,36e2dc98,Varick Janiro Hasim,2025-04-17,23:37:27,-07:00,2025-04-17T23:37:27-07:00,0,0
style.css,116,css,36e2dc98,Varick Janiro Hasim,2025-04-17,23:37:27,-07:00,2025-04-17T23:37:27-07:00,0,0
style.css,117,css,4620788c,Varick Janiro Hasim,2025-05-02,22:30:58,-07:00,2025-05-02T22:30:58-07:00,0,18
style.css,118,css,4620788c,Varick Janiro Hasim,2025-05-02,22:30:58,-07:00,2025-05-02T22:30:58-07:00,1,14
style.css,119,css,4620788c,Varick Janiro Hasim,2025-05-02,22:30:58,-07:00,2025-05-02T22:30:58-07:00,1,16
style.css,120,css,4620788c,Varick Janiro Hasim,2025-05-02,22:30:58,-07:00,2025-05-02T22:30:58-07:00,0,0
style.css,121,css,4620788c,Varick Janiro Hasim,2025-05-02,22:30:58,-07:00,2025-05-02T22:30:58-07:00,1,16
style.css,122,css,4620788c,Varick Janiro Hasim,2025-05-02,22:30:58,-07:00,2025-05-02T22:30:58-07:00,0,0
style.css,123,css,4620788c,Varick Janiro Hasim,2025-05-02,22:30:58,-07:00,2025-05-02T22:30:58-07:00,0,0
style.css,124,css,4620788c,Varick Janiro Hasim,2025-05-02,22:30:58,-07:00,2025-05-02T22:30:58-07:00,0,6
style.css,125,css,4620788c,Varick Janiro Hasim,2025-05-02,22:30:58,-07:00,2025-05-02T22:30:58-07:00,1,18
style.css,126,css,4620788c,Varick Janiro Hasim,2025-05-02,22:30:58,-07:00,2025-05-02T22:30:58-07:00,1,29
style.css,127,css,4620788c,Varick Janiro Hasim,2025-05-02,22:30:58,-07:00,2025-05-02T22:30:58-07:00,1,17
style.css,128,css,4620788c,Varick Janiro Hasim,2025-05-02,22:30:58,-07:00,2025-05-02T22:30:58-07:00,1,9
style.css,129,css,4620788c,Varick Janiro Hasim,2025-05-02,22:30:58,-07:00,2025-05-02T22:30:58-07:00,0,0
style.css,130,css,4620788c,Varick Janiro Hasim,2025-05-02,22:30:58,-07:00,2025-05-02T22:30:58-07:00,0,0
style.css,131,css,4620788c,Varick Janiro Hasim,2025-05-02,22:30:58,-07:00,2025-05-02T22:30:58-07:00,0,6
style.css,132,css,4620788c,Varick Janiro Hasim,2025-05-02,22:30:58,-07:00,2025-05-02T22:30:58-07:00,1,11
style.css,133,css,4620788c,Varick Janiro Hasim,2025-05-02,22:30:58,-07:00,2025-05-02T22:30:58-07:00,1,57
style.css,134,css,4620788c,Varick Janiro Hasim,2025-05-02,22:30:58,-07:00,2025-05-02T22:30:58-07:00,1,28
style.css,135,css,4620788c,Varick Janiro Hasim,2025-05-02,22:30:58,-07:00,2025-05-02T22:30:58-07:00,1,11
style.css,136,css,4620788c,Varick Janiro Hasim,2025-05-02,22:30:58,-07:00,2025-05-02T22:30:58-07:00,1,10
style.css,137,css,4620788c,Varick Janiro Hasim,2025-05-02,22:30:58,-07:00,2025-05-02T22:30:58-07:00,1,6
style.css,138,css,4620788c,Varick Janiro Hasim,2025-05-02,22:30:58,-07:00,2025-05-02T22:30:58-07:00,0,0
style.css,139,css,4620788c,Varick Janiro Hasim,2025-05-02,22:30:58,-07:00,2025-05-02T22:30:58-07:00,0,0
style.css,140,css,4620788c,Varick Janiro Hasim,2025-05-02,22:30:58,-07:00,2025-05-02T22:30:58-07:00,0,9
style.css,141,css,4620788c,Varick Janiro Hasim,2025-05-02,22:30:58,-07:00,2025-05-02T22:30:58-07:00,1,12
style.css,142,css,4620788c,Varick Janiro Hasim,2025-05-02,22:30:58,-07:00,2025-05-02T22:30:58-07:00,1,18
style.css,143,css,4620788c,Varick Janiro Hasim,2025-05-02,22:30:58,-07:00,2025-05-02T22:30:58-07:00,1,9
style.css,144,css,4620788c,Varick Janiro Hasim,2025-05-02,22:30:58,-07:00,2025-05-02T22:30:58-07:00,0,0
style.css,145,css,4620788c,Varick Janiro Hasim,2025-05-02,22:30:58,-07:00,2025-05-02T22:30:58-07:00,0,0
style.css,146,css,4620788c,Varick Janiro Hasim,2025-05-02,22:30:58,-07:00,2025-05-02T22:30:58-07:00,0,9
style.css,147,css,4620788c,Varick Janiro Hasim,2025-05-02,22:30:58,-07:00,2025-05-02T22:30:58-07:00,1,12
style.css,148,css,4620788c,Varick Janiro Hasim,2025-05-02,22:30:58,-07:00,2025-05-02T22:30:58-07:00,1,18
style.css,149,css,4620788c,Varick Janiro Hasim,2025-05-02,22:30:58,-07:00,2025-05-02T22:30:58-07:00,1,7
style.css,150,css,4620788c,Varick Janiro Hasim,2025-05-02,22:30:58,-07:00,2025-05-02T22:30:58-07:00,0,0
style.css,151,css,4620788c,Varick Janiro Hasim,2025-05-02,22:30:58,-07:00,2025-05-02T22:30:58-07:00,0,0
style.css,152,css,4620788c,Varick Janiro Hasim,2025-05-02,22:30:58,-07:00,2025-05-02T22:30:58-07:00,0,9
style.css,153,css,4620788c,Varick Janiro Hasim,2025-05-02,22:30:58,-07:00,2025-05-02T22:30:58-07:00,1,13
style.css,154,css,4620788c,Varick Janiro Hasim,2025-05-02,22:30:58,-07:00,2025-05-02T22:30:58-07:00,1,14
style.css,155,css,4620788c,Varick Janiro Hasim,2025-05-02,22:30:58,-07:00,2025-05-02T22:30:58-07:00,1,17
style.css,156,css,4620788c,Varick Janiro Hasim,2025-05-02,22:30:58,-07:00,2025-05-02T22:30:58-07:00,0,0
style.css,157,css,4620788c,Varick Janiro Hasim,2025-05-02,22:30:58,-07:00,2025-05-02T22:30:58-07:00,0,0
style.css,158,css,4620788c,Varick Janiro Hasim,2025-05-02,22:30:58,-07:00,2025-05-02T22:30:58-07:00,0,17
style.css,159,css,4620788c,Varick Janiro Hasim,2025-05-02,22:30:58,-07:00,2025-05-02T22:30:58-07:00,1,16
style.css,160,css,4620788c,Varick Janiro Hasim,2025-05-02,22:30:58,-07:00,2025-05-02T22:30:58-07:00,2,11
style.css,161,css,4620788c,Varick Janiro Hasim,2025-05-02,22:30:58,-07:00,2025-05-02T22:30:58-07:00,1,0
style.css,162,css,4620788c,Varick Janiro Hasim,2025-05-02,22:30:58,-07:00,2025-05-02T22:30:58-07:00,0,0
style.css,163,css,4620788c,Varick Janiro Hasim,2025-05-02,22:30:58,-07:00,2025-05-02T22:30:58-07:00,0,0
style.css,164,css,4620788c,Varick Janiro Hasim,2025-05-02,22:30:58,-07:00,2025-05-02T22:30:58-07:00,0,4
style.css,165,css,4620788c,Varick Janiro Hasim,2025-05-02,22:30:58,-07:00,2025-05-02T22:30:58-07:00,1,16
style.css,166,css,4620788c,Varick Janiro Hasim,2025-05-02,22:30:58,-07:00,2025-05-02T22:30:58-07:00,1,14
style.css,167,css,4620788c,Varick Janiro Hasim,2025-05-02,22:30:58,-07:00,2025-05-02T22:30:58-07:00,0,0
style.css,168,css,4620788c,Varick Janiro Hasim,2025-05-02,22:30:58,-07:00,2025-05-02T22:30:58-07:00,0,0
style.css,169,css,4620788c,Varick Janiro Hasim,2025-05-02,22:30:58,-07:00,2025-05-02T22:30:58-07:00,0,9
style.css,170,css,4620788c,Varick Janiro Hasim,2025-05-02,22:30:58,-07:00,2025-05-02T22:30:58-07:00,1,35
style.css,171,css,4620788c,Varick Janiro Hasim,2025-05-02,22:30:58,-07:00,2025-05-02T22:30:58-07:00,1,12
style.css,172,css,4620788c,Varick Janiro Hasim,2025-05-02,22:30:58,-07:00,2025-05-02T22:30:58-07:00,1,18
style.css,173,css,4620788c,Varick Janiro Hasim,2025-05-02,22:30:58,-07:00,2025-05-02T22:30:58-07:00,1,9
style.css,174,css,4620788c,Varick Janiro Hasim,2025-05-02,22:30:58,-07:00,2025-05-02T22:30:58-07:00,1,0
style.css,175,css,4620788c,Varick Janiro Hasim,2025-05-02,22:30:58,-07:00,2025-05-02T22:30:58-07:00,1,10
style.css,176,css,4620788c,Varick Janiro Hasim,2025-05-02,22:30:58,-07:00,2025-05-02T22:30:58-07:00,2,17
style.css,177,css,4620788c,Varick Janiro Hasim,2025-05-02,22:30:58,-07:00,2025-05-02T22:30:58-07:00,1,0
style.css,178,css,4620788c,Varick Janiro Hasim,2025-05-02,22:30:58,-07:00,2025-05-02T22:30:58-07:00,0,0
style.css,179,css,4620788c,Varick Janiro Hasim,2025-05-02,22:30:58,-07:00,2025-05-02T22:30:58-07:00,0,0
style.css,180,css,4620788c,Varick Janiro Hasim,2025-05-02,22:30:58,-07:00,2025-05-02T22:30:58-07:00,0,0
index.js,1,js,589fdff0,Varick Janiro Hasim,2025-04-25,14:41:02,-07:00,2025-04-25T14:41:02-07:00,0,71
index.js,2,js,589fdff0,Varick Janiro Hasim,2025-04-25,14:41:02,-07:00,2025-04-25T14:41:02-07:00,0,0
index.js,3,js,589fdff0,Varick Janiro Hasim,2025-04-25,14:41:02,-07:00,2025-04-25T14:41:02-07:00,0,54
index.js,4,js,4620788c,Varick Janiro Hasim,2025-05-02,22:30:58,-07:00,2025-05-02T22:30:58-07:00,0,29
index.js,5,js,4620788c,Varick Janiro Hasim,2025-05-02,22:30:58,-07:00,2025-05-02T22:30:58-07:00,2,75
index.js,6,js,4620788c,Varick Janiro Hasim,2025-05-02,22:30:58,-07:00,2025-05-02T22:30:58-07:00,2,40
index.js,7,js,589fdff0,Varick Janiro Hasim,2025-04-25,14:41:02,-07:00,2025-04-25T14:41:02-07:00,0,0
index.js,8,js,589fdff0,Varick Janiro Hasim,2025-04-25,14:41:02,-07:00,2025-04-25T14:41:02-07:00,0,60
index.js,9,js,589fdff0,Varick Janiro Hasim,2025-04-25,14:41:02,-07:00,2025-04-25T14:41:02-07:00,0,0
index.js,10,js,589fdff0,Varick Janiro Hasim,2025-04-25,14:41:02,-07:00,2025-04-25T14:41:02-07:00,0,54
index.js,11,js,589fdff0,Varick Janiro Hasim,2025-04-25,14:41:02,-07:00,2025-04-25T14:41:02-07:00,0,0
index.js,12,js,589fdff0,Varick Janiro Hasim,2025-04-25,14:41:02,-07:00,2025-04-25T14:41:02-07:00,0,51
index.js,13,js,589fdff0,Varick Janiro Hasim,2025-04-25,14:41:02,-07:00,2025-04-25T14:41:02-07:00,0,0
index.js,14,js,589fdff0,Varick Janiro Hasim,2025-04-25,14:41:02,-07:00,2025-04-25T14:41:02-07:00,0,60
index.js,15,js,589fdff0,Varick Janiro Hasim,2025-04-25,14:41:02,-07:00,2025-04-25T14:41:02-07:00,0,0
index.js,16,js,589fdff0,Varick Janiro Hasim,2025-04-25,14:41:02,-07:00,2025-04-25T14:41:02-07:00,0,17
index.js,17,js,589fdff0,Varick Janiro Hasim,2025-04-25,14:41:02,-07:00,2025-04-25T14:41:02-07:00,2,24
index.js,18,js,589fdff0,Varick Janiro Hasim,2025-04-25,14:41:02,-07:00,2025-04-25T14:41:02-07:00,5,2
index.js,19,js,589fdff0,Varick Janiro Hasim,2025-04-25,14:41:02,-07:00,2025-04-25T14:41:02-07:00,6,55
index.js,20,js,589fdff0,Varick Janiro Hasim,2025-04-25,14:41:02,-07:00,2025-04-25T14:41:02-07:00,6,55
index.js,21,js,589fdff0,Varick Janiro Hasim,2025-04-25,14:41:02,-07:00,2025-04-25T14:41:02-07:00,6,49
index.js,22,js,589fdff0,Varick Janiro Hasim,2025-04-25,14:41:02,-07:00,2025-04-25T14:41:02-07:00,6,49
index.js,23,js,589fdff0,Varick Janiro Hasim,2025-04-25,14:41:02,-07:00,2025-04-25T14:41:02-07:00,5,3
index.js,24,js,589fdff0,Varick Janiro Hasim,2025-04-25,14:41:02,-07:00,2025-04-25T14:41:02-07:00,3,0
index.js,25,js,589fdff0,Varick Janiro Hasim,2025-04-25,14:41:02,-07:00,2025-04-25T14:41:02-07:00,1,0
index.html,1,html,40144812,Varick Janiro Hasim,2025-04-03,13:21:51,-07:00,2025-04-03T13:21:51-07:00,0,13
index.html,2,html,40144812,Varick Janiro Hasim,2025-04-03,13:21:51,-07:00,2025-04-03T13:21:51-07:00,0,14
index.html,3,html,40144812,Varick Janiro Hasim,2025-04-03,13:21:51,-07:00,2025-04-03T13:21:51-07:00,0,4
index.html,4,html,40144812,Varick Janiro Hasim,2025-04-03,13:21:51,-07:00,2025-04-03T13:21:51-07:00,2,20
index.html,5,html,79f8001d,Varick Janiro Hasim,2025-04-04,23:23:14,-07:00,2025-04-04T23:23:14-07:00,2,38
index.html,6,html,40144812,Varick Janiro Hasim,2025-04-03,13:21:51,-07:00,2025-04-03T13:21:51-07:00,2,68
index.html,7,html,40144812,Varick Janiro Hasim,2025-04-03,13:21:51,-07:00,2025-04-03T13:21:51-07:00,2,61
index.html,8,html,36e2dc98,Varick Janiro Hasim,2025-04-17,23:37:27,-07:00,2025-04-17T23:37:27-07:00,2,45
index.html,9,html,589fdff0,Varick Janiro Hasim,2025-04-25,14:41:02,-07:00,2025-04-25T14:41:02-07:00,2,50
index.html,10,html,40144812,Varick Janiro Hasim,2025-04-03,13:21:51,-07:00,2025-04-03T13:21:51-07:00,0,5
index.html,11,html,589fdff0,Varick Janiro Hasim,2025-04-25,14:41:02,-07:00,2025-04-25T14:41:02-07:00,0,5
index.html,12,html,589fdff0,Varick Janiro Hasim,2025-04-25,14:41:02,-07:00,2025-04-25T14:41:02-07:00,2,3
index.html,13,html,589fdff0,Varick Janiro Hasim,2025-04-25,14:41:02,-07:00,2025-04-25T14:41:02-07:00,4,10
index.html,14,html,589fdff0,Varick Janiro Hasim,2025-04-25,14:41:02,-07:00,2025-04-25T14:41:02-07:00,4,11
index.html,15,html,589fdff0,Varick Janiro Hasim,2025-04-25,14:41:02,-07:00,2025-04-25T14:41:02-07:00,4,17
index.html,16,html,589fdff0,Varick Janiro Hasim,2025-04-25,14:41:02,-07:00,2025-04-25T14:41:02-07:00,2,0
index.html,17,html,589fdff0,Varick Janiro Hasim,2025-04-25,14:41:02,-07:00,2025-04-25T14:41:02-07:00,0,6
index.html,18,html,40144812,Varick Janiro Hasim,2025-04-03,13:21:51,-07:00,2025-04-03T13:21:51-07:00,0,4
index.html,19,html,40144812,Varick Janiro Hasim,2025-04-03,13:21:51,-07:00,2025-04-03T13:21:51-07:00,2,26
index.html,20,html,40144812,Varick Janiro Hasim,2025-04-03,13:21:51,-07:00,2025-04-03T13:21:51-07:00,2,177
index.html,21,html,a3961329,Varick Janiro Hasim,2025-04-10,14:14:51,-07:00,2025-04-10T14:14:51-07:00,2,97
index.html,22,html,589fdff0,Varick Janiro Hasim,2025-04-25,14:41:02,-07:00,2025-04-25T14:41:02-07:00,2,22
index.html,23,html,589fdff0,Varick Janiro Hasim,2025-04-25,14:41:02,-07:00,2025-04-25T14:41:02-07:00,2,25
index.html,24,html,589fdff0,Varick Janiro Hasim,2025-04-25,14:41:02,-07:00,2025-04-25T14:41:02-07:00,2,49
index.html,25,html,589fdff0,Varick Janiro Hasim,2025-04-25,14:41:02,-07:00,2025-04-25T14:41:02-07:00,2,4
index.html,26,html,589fdff0,Varick Janiro Hasim,2025-04-25,14:41:02,-07:00,2025-04-25T14:41:02-07:00,2,20
index.html,27,html,589fdff0,Varick Janiro Hasim,2025-04-25,14:41:02,-07:00,2025-04-25T14:41:02-07:00,2,49
index.html,28,html,589fdff0,Varick Janiro Hasim,2025-04-25,14:41:02,-07:00,2025-04-25T14:41:02-07:00,2,4
index.html,29,html,40144812,Varick Janiro Hasim,2025-04-03,13:21:51,-07:00,2025-04-03T13:21:51-07:00,0,5
index.html,30,html,40144812,Varick Janiro Hasim,2025-04-03,13:21:51,-07:00,2025-04-03T13:21:51-07:00,0,5
global.js,1,js,36e2dc98,Varick Janiro Hasim,2025-04-17,23:37:27,-07:00,2025-04-17T23:37:27-07:00,0,25
global.js,2,js,36e2dc98,Varick Janiro Hasim,2025-04-17,23:37:27,-07:00,2025-04-17T23:37:27-07:00,0,0
global.js,3,js,36e2dc98,Varick Janiro Hasim,2025-04-17,23:37:27,-07:00,2025-04-17T23:37:27-07:00,0,41
global.js,4,js,36e2dc98,Varick Janiro Hasim,2025-04-17,23:37:27,-07:00,2025-04-17T23:37:27-07:00,1,52
global.js,5,js,36e2dc98,Varick Janiro Hasim,2025-04-17,23:37:27,-07:00,2025-04-17T23:37:27-07:00,0,0
global.js,6,js,36e2dc98,Varick Janiro Hasim,2025-04-17,23:37:27,-07:00,2025-04-17T23:37:27-07:00,0,0
global.js,7,js,36e2dc98,Varick Janiro Hasim,2025-04-17,23:37:27,-07:00,2025-04-17T23:37:27-07:00,0,8
global.js,8,js,36e2dc98,Varick Janiro Hasim,2025-04-17,23:37:27,-07:00,2025-04-17T23:37:27-07:00,0,0
global.js,9,js,36e2dc98,Varick Janiro Hasim,2025-04-17,23:37:27,-07:00,2025-04-17T23:37:27-07:00,0,28
global.js,10,js,36e2dc98,Varick Janiro Hasim,2025-04-17,23:37:27,-07:00,2025-04-17T23:37:27-07:00,0,0
global.js,11,js,36e2dc98,Varick Janiro Hasim,2025-04-17,23:37:27,-07:00,2025-04-17T23:37:27-07:00,0,33
global.js,12,js,36e2dc98,Varick Janiro Hasim,2025-04-17,23:37:27,-07:00,2025-04-17T23:37:27-07:00,0,73
global.js,13,js,36e2dc98,Varick Janiro Hasim,2025-04-17,23:37:27,-07:00,2025-04-17T23:37:27-07:00,0,5
global.js,14,js,36e2dc98,Varick Janiro Hasim,2025-04-17,23:37:27,-07:00,2025-04-17T23:37:27-07:00,0,0
global.js,15,js,36e2dc98,Varick Janiro Hasim,2025-04-17,23:37:27,-07:00,2025-04-17T23:37:27-07:00,0,39
global.js,16,js,36e2dc98,Varick Janiro Hasim,2025-04-17,23:37:27,-07:00,2025-04-17T23:37:27-07:00,0,0
global.js,17,js,36e2dc98,Varick Janiro Hasim,2025-04-17,23:37:27,-07:00,2025-04-17T23:37:27-07:00,0,13
global.js,18,js,36e2dc98,Varick Janiro Hasim,2025-04-17,23:37:27,-07:00,2025-04-17T23:37:27-07:00,0,19
global.js,19,js,36e2dc98,Varick Janiro Hasim,2025-04-17,23:37:27,-07:00,2025-04-17T23:37:27-07:00,0,38
global.js,20,js,36e2dc98,Varick Janiro Hasim,2025-04-17,23:37:27,-07:00,2025-04-17T23:37:27-07:00,0,42
global.js,21,js,36e2dc98,Varick Janiro Hasim,2025-04-17,23:37:27,-07:00,2025-04-17T23:37:27-07:00,0,4
global.js,22,js,36e2dc98,Varick Janiro Hasim,2025-04-17,23:37:27,-07:00,2025-04-17T23:37:27-07:00,0,0
global.js,23,js,36e2dc98,Varick Janiro Hasim,2025-04-17,23:37:27,-07:00,2025-04-17T23:37:27-07:00,0,7
global.js,24,js,36e2dc98,Varick Janiro Hasim,2025-04-17,23:37:27,-07:00,2025-04-17T23:37:27-07:00,0,88
global.js,25,js,36e2dc98,Varick Janiro Hasim,2025-04-17,23:37:27,-07:00,2025-04-17T23:37:27-07:00,0,36
global.js,26,js,36e2dc98,Varick Janiro Hasim,2025-04-17,23:37:27,-07:00,2025-04-17T23:37:27-07:00,0,48
global.js,27,js,36e2dc98,Varick Janiro Hasim,2025-04-17,23:37:27,-07:00,2025-04-17T23:37:27-07:00,0,0
global.js,28,js,36e2dc98,Varick Janiro Hasim,2025-04-17,23:37:27,-07:00,2025-04-17T23:37:27-07:00,0,11
global.js,29,js,36e2dc98,Varick Janiro Hasim,2025-04-17,23:37:27,-07:00,2025-04-17T23:37:27-07:00,2,25
global.js,30,js,36e2dc98,Varick Janiro Hasim,2025-04-17,23:37:27,-07:00,2025-04-17T23:37:27-07:00,2,38
global.js,31,js,36e2dc98,Varick Janiro Hasim,2025-04-17,23:37:27,-07:00,2025-04-17T23:37:27-07:00,2,34
global.js,32,js,36e2dc98,Varick Janiro Hasim,2025-04-17,23:37:27,-07:00,2025-04-17T23:37:27-07:00,2,36
global.js,33,js,36e2dc98,Varick Janiro Hasim,2025-04-17,23:37:27,-07:00,2025-04-17T23:37:27-07:00,2,53
global.js,34,js,36e2dc98,Varick Janiro Hasim,2025-04-17,23:37:27,-07:00,2025-04-17T23:37:27-07:00,1,0
global.js,35,js,36e2dc98,Varick Janiro Hasim,2025-04-17,23:37:27,-07:00,2025-04-17T23:37:27-07:00,0,0
global.js,36,js,36e2dc98,Varick Janiro Hasim,2025-04-17,23:37:27,-07:00,2025-04-17T23:37:27-07:00,0,38
global.js,37,js,36e2dc98,Varick Janiro Hasim,2025-04-17,23:37:27,-07:00,2025-04-17T23:37:27-07:00,0,0
global.js,38,js,36e2dc98,Varick Janiro Hasim,2025-04-17,23:37:27,-07:00,2025-04-17T23:37:27-07:00,0,20
global.js,39,js,36e2dc98,Varick Janiro Hasim,2025-04-17,23:37:27,-07:00,2025-04-17T23:37:27-07:00,2,14
global.js,40,js,36e2dc98,Varick Janiro Hasim,2025-04-17,23:37:27,-07:00,2025-04-17T23:37:27-07:00,2,52
global.js,41,js,36e2dc98,Varick Janiro Hasim,2025-04-17,23:37:27,-07:00,2025-04-17T23:37:27-07:00,2,7
global.js,42,js,36e2dc98,Varick Janiro Hasim,2025-04-17,23:37:27,-07:00,2025-04-17T23:37:27-07:00,2,31
global.js,43,js,36e2dc98,Varick Janiro Hasim,2025-04-17,23:37:27,-07:00,2025-04-17T23:37:27-07:00,2,27
global.js,44,js,36e2dc98,Varick Janiro Hasim,2025-04-17,23:37:27,-07:00,2025-04-17T23:37:27-07:00,2,4
global.js,45,js,36e2dc98,Varick Janiro Hasim,2025-04-17,23:37:27,-07:00,2025-04-17T23:37:27-07:00,0,0
global.js,46,js,36e2dc98,Varick Janiro Hasim,2025-04-17,23:37:27,-07:00,2025-04-17T23:37:27-07:00,2,18
global.js,47,js,36e2dc98,Varick Janiro Hasim,2025-04-17,23:37:27,-07:00,2025-04-17T23:37:27-07:00,2,34
global.js,48,js,36e2dc98,Varick Janiro Hasim,2025-04-17,23:37:27,-07:00,2025-04-17T23:37:27-07:00,2,11
global.js,49,js,36e2dc98,Varick Janiro Hasim,2025-04-17,23:37:27,-07:00,2025-04-17T23:37:27-07:00,2,20
global.js,50,js,36e2dc98,Varick Janiro Hasim,2025-04-17,23:37:27,-07:00,2025-04-17T23:37:27-07:00,2,12
global.js,51,js,36e2dc98,Varick Janiro Hasim,2025-04-17,23:37:27,-07:00,2025-04-17T23:37:27-07:00,2,65
global.js,52,js,36e2dc98,Varick Janiro Hasim,2025-04-17,23:37:27,-07:00,2025-04-17T23:37:27-07:00,4,25
global.js,53,js,36e2dc98,Varick Janiro Hasim,2025-04-17,23:37:27,-07:00,2025-04-17T23:37:27-07:00,2,0
global.js,54,js,36e2dc98,Varick Janiro Hasim,2025-04-17,23:37:27,-07:00,2025-04-17T23:37:27-07:00,2,13
global.js,55,js,36e2dc98,Varick Janiro Hasim,2025-04-17,23:37:27,-07:00,2025-04-17T23:37:27-07:00,2,20
global.js,56,js,36e2dc98,Varick Janiro Hasim,2025-04-17,23:37:27,-07:00,2025-04-17T23:37:27-07:00,2,15
global.js,57,js,36e2dc98,Varick Janiro Hasim,2025-04-17,23:37:27,-07:00,2025-04-17T23:37:27-07:00,2,66
global.js,58,js,36e2dc98,Varick Janiro Hasim,2025-04-17,23:37:27,-07:00,2025-04-17T23:37:27-07:00,2,5
global.js,59,js,36e2dc98,Varick Janiro Hasim,2025-04-17,23:37:27,-07:00,2025-04-17T23:37:27-07:00,2,33
global.js,60,js,36e2dc98,Varick Janiro Hasim,2025-04-17,23:37:27,-07:00,2025-04-17T23:37:27-07:00,4,18
global.js,61,js,36e2dc98,Varick Janiro Hasim,2025-04-17,23:37:27,-07:00,2025-04-17T23:37:27-07:00,2,0
global.js,62,js,36e2dc98,Varick Janiro Hasim,2025-04-17,23:37:27,-07:00,2025-04-17T23:37:27-07:00,1,0
global.js,63,js,36e2dc98,Varick Janiro Hasim,2025-04-17,23:37:27,-07:00,2025-04-17T23:37:27-07:00,0,0
global.js,64,js,36e2dc98,Varick Janiro Hasim,2025-04-17,23:37:27,-07:00,2025-04-17T23:37:27-07:00,0,25
global.js,65,js,36e2dc98,Varick Janiro Hasim,2025-04-17,23:37:27,-07:00,2025-04-17T23:37:27-07:00,0,0
global.js,66,js,36e2dc98,Varick Janiro Hasim,2025-04-17,23:37:27,-07:00,2025-04-17T23:37:27-07:00,0,31
global.js,67,js,36e2dc98,Varick Janiro Hasim,2025-04-17,23:37:27,-07:00,2025-04-17T23:37:27-07:00,2,11
global.js,68,js,36e2dc98,Varick Janiro Hasim,2025-04-17,23:37:27,-07:00,2025-04-17T23:37:27-07:00,2,0
global.js,69,js,36e2dc98,Varick Janiro Hasim,2025-04-17,23:37:27,-07:00,2025-04-17T23:37:27-07:00,3,26
global.js,70,js,36e2dc98,Varick Janiro Hasim,2025-04-17,23:37:27,-07:00,2025-04-17T23:37:27-07:00,5,4
global.js,71,js,36e2dc98,Varick Janiro Hasim,2025-04-17,23:37:27,-07:00,2025-04-17T23:37:27-07:00,5,6
global.js,72,js,36e2dc98,Varick Janiro Hasim,2025-04-17,23:37:27,-07:00,2025-04-17T23:37:27-07:00,6,43
global.js,73,js,36e2dc98,Varick Janiro Hasim,2025-04-17,23:37:27,-07:00,2025-04-17T23:37:27-07:00,6,34
global.js,74,js,36e2dc98,Varick Janiro Hasim,2025-04-17,23:37:27,-07:00,2025-04-17T23:37:27-07:00,6,32
global.js,75,js,36e2dc98,Varick Janiro Hasim,2025-04-17,23:37:27,-07:00,2025-04-17T23:37:27-07:00,5,7
global.js,76,js,36e2dc98,Varick Janiro Hasim,2025-04-17,23:37:27,-07:00,2025-04-17T23:37:27-07:00,3,8
global.js,77,js,36e2dc98,Varick Janiro Hasim,2025-04-17,23:37:27,-07:00,2025-04-17T23:37:27-07:00,1,0
global.js,78,js,36e2dc98,Varick Janiro Hasim,2025-04-17,23:37:27,-07:00,2025-04-17T23:37:27-07:00,0,0
global.js,79,js,36e2dc98,Varick Janiro Hasim,2025-04-17,23:37:27,-07:00,2025-04-17T23:37:27-07:00,0,44
global.js,80,js,36e2dc98,Varick Janiro Hasim,2025-04-17,23:37:27,-07:00,2025-04-17T23:37:27-07:00,0,0
global.js,81,js,36e2dc98,Varick Janiro Hasim,2025-04-17,23:37:27,-07:00,2025-04-17T23:37:27-07:00,0,49
global.js,82,js,36e2dc98,Varick Janiro Hasim,2025-04-17,23:37:27,-07:00,2025-04-17T23:37:27-07:00,2,57
global.js,83,js,36e2dc98,Varick Janiro Hasim,2025-04-17,23:37:27,-07:00,2025-04-17T23:37:27-07:00,2,77
global.js,84,js,36e2dc98,Varick Janiro Hasim,2025-04-17,23:37:27,-07:00,2025-04-17T23:37:27-07:00,2,43
global.js,85,js,36e2dc98,Varick Janiro Hasim,2025-04-17,23:37:27,-07:00,2025-04-17T23:37:27-07:00,0,1
global.js,86,js,36e2dc98,Varick Janiro Hasim,2025-04-17,23:37:27,-07:00,2025-04-17T23:37:27-07:00,0,0
global.js,87,js,36e2dc98,Varick Janiro Hasim,2025-04-17,23:37:27,-07:00,2025-04-17T23:37:27-07:00,0,33
global.js,88,js,36e2dc98,Varick Janiro Hasim,2025-04-17,23:37:27,-07:00,2025-04-17T23:37:27-07:00,2,83
global.js,89,js,36e2dc98,Varick Janiro Hasim,2025-04-17,23:37:27,-07:00,2025-04-17T23:37:27-07:00,2,38
global.js,90,js,36e2dc98,Varick Janiro Hasim,2025-04-17,23:37:27,-07:00,2025-04-17T23:37:27-07:00,0,0
global.js,91,js,589fdff0,Varick Janiro Hasim,2025-04-25,14:41:02,-07:00,2025-04-25T14:41:02-07:00,0,0
global.js,92,js,589fdff0,Varick Janiro Hasim,2025-04-25,14:41:02,-07:00,2025-04-25T14:41:02-07:00,0,6
global.js,93,js,589fdff0,Varick Janiro Hasim,2025-04-25,14:41:02,-07:00,2025-04-25T14:41:02-07:00,0,0
global.js,94,js,589fdff0,Varick Janiro Hasim,2025-04-25,14:41:02,-07:00,2025-04-25T14:41:02-07:00,0,36
global.js,95,js,589fdff0,Varick Janiro Hasim,2025-04-25,14:41:02,-07:00,2025-04-25T14:41:02-07:00,1,3
global.js,96,js,589fdff0,Varick Janiro Hasim,2025-04-25,14:41:02,-07:00,2025-04-25T14:41:02-07:00,2,39
global.js,97,js,589fdff0,Varick Janiro Hasim,2025-04-25,14:41:02,-07:00,2025-04-25T14:41:02-07:00,2,32
global.js,98,js,589fdff0,Varick Janiro Hasim,2025-04-25,14:41:02,-07:00,2025-04-25T14:41:02-07:00,2,17
global.js,99,js,589fdff0,Varick Janiro Hasim,2025-04-25,14:41:02,-07:00,2025-04-25T14:41:02-07:00,3,66
global.js,100,js,589fdff0,Varick Janiro Hasim,2025-04-25,14:41:02,-07:00,2025-04-25T14:41:02-07:00,2,0
global.js,101,js,589fdff0,Varick Janiro Hasim,2025-04-25,14:41:02,-07:00,2025-04-25T14:41:02-07:00,2,33
global.js,102,js,589fdff0,Varick Janiro Hasim,2025-04-25,14:41:02,-07:00,2025-04-25T14:41:02-07:00,2,10
global.js,103,js,589fdff0,Varick Janiro Hasim,2025-04-25,14:41:02,-07:00,2025-04-25T14:41:02-07:00,1,15
global.js,104,js,589fdff0,Varick Janiro Hasim,2025-04-25,14:41:02,-07:00,2025-04-25T14:41:02-07:00,2,59
global.js,105,js,589fdff0,Varick Janiro Hasim,2025-04-25,14:41:02,-07:00,2025-04-25T14:41:02-07:00,1,0
global.js,106,js,589fdff0,Varick Janiro Hasim,2025-04-25,14:41:02,-07:00,2025-04-25T14:41:02-07:00,0,0
global.js,107,js,589fdff0,Varick Janiro Hasim,2025-04-25,14:41:02,-07:00,2025-04-25T14:41:02-07:00,0,0
global.js,108,js,589fdff0,Varick Janiro Hasim,2025-04-25,14:41:02,-07:00,2025-04-25T14:41:02-07:00,0,78
global.js,109,js,589fdff0,Varick Janiro Hasim,2025-04-25,14:41:02,-07:00,2025-04-25T14:41:02-07:00,1,23
global.js,110,js,589fdff0,Varick Janiro Hasim,2025-04-25,14:41:02,-07:00,2025-04-25T14:41:02-07:00,1,30
global.js,111,js,589fdff0,Varick Janiro Hasim,2025-04-25,14:41:02,-07:00,2025-04-25T14:41:02-07:00,1,26
global.js,112,js,589fdff0,Varick Janiro Hasim,2025-04-25,14:41:02,-07:00,2025-04-25T14:41:02-07:00,2,48
global.js,113,js,589fdff0,Varick Janiro Hasim,2025-04-25,14:41:02,-07:00,2025-04-25T14:41:02-07:00,2,19
global.js,114,js,589fdff0,Varick Janiro Hasim,2025-04-25,14:41:02,-07:00,2025-04-25T14:41:02-07:00,3,46
global.js,115,js,589fdff0,Varick Janiro Hasim,2025-04-25,14:41:02,-07:00,2025-04-25T14:41:02-07:00,3,46
global.js,116,js,589fdff0,Varick Janiro Hasim,2025-04-25,14:41:02,-07:00,2025-04-25T14:41:02-07:00,3,24
global.js,117,js,4620788c,Varick Janiro Hasim,2025-05-02,22:30:58,-07:00,2025-05-02T22:30:58-07:00,3,25
global.js,118,js,589fdff0,Varick Janiro Hasim,2025-04-25,14:41:02,-07:00,2025-04-25T14:41:02-07:00,2,0
global.js,119,js,589fdff0,Varick Janiro Hasim,2025-04-25,14:41:02,-07:00,2025-04-25T14:41:02-07:00,2,36
global.js,120,js,589fdff0,Varick Janiro Hasim,2025-04-25,14:41:02,-07:00,2025-04-25T14:41:02-07:00,1,0
global.js,121,js,589fdff0,Varick Janiro Hasim,2025-04-25,14:41:02,-07:00,2025-04-25T14:41:02-07:00,0,0
global.js,122,js,589fdff0,Varick Janiro Hasim,2025-04-25,14:41:02,-07:00,2025-04-25T14:41:02-07:00,0,0
global.js,123,js,589fdff0,Varick Janiro Hasim,2025-04-25,14:41:02,-07:00,2025-04-25T14:41:02-07:00,0,47
global.js,124,js,589fdff0,Varick Janiro Hasim,2025-04-25,14:41:02,-07:00,2025-04-25T14:41:02-07:00,1,59
global.js,125,js,589fdff0,Varick Janiro Hasim,2025-04-25,14:41:02,-07:00,2025-04-25T14:41:02-07:00,0,0
resume/index.html,1,html,79f8001d,Varick Janiro Hasim,2025-04-04,23:23:14,-07:00,2025-04-04T23:23:14-07:00,0,13
resume/index.html,2,html,79f8001d,Varick Janiro Hasim,2025-04-04,23:23:14,-07:00,2025-04-04T23:23:14-07:00,0,14
resume/index.html,3,html,79f8001d,Varick Janiro Hasim,2025-04-04,23:23:14,-07:00,2025-04-04T23:23:14-07:00,0,4
resume/index.html,4,html,79f8001d,Varick Janiro Hasim,2025-04-04,23:23:14,-07:00,2025-04-04T23:23:14-07:00,1,20
resume/index.html,5,html,79f8001d,Varick Janiro Hasim,2025-04-04,23:23:14,-07:00,2025-04-04T23:23:14-07:00,1,34
resume/index.html,6,html,79f8001d,Varick Janiro Hasim,2025-04-04,23:23:14,-07:00,2025-04-04T23:23:14-07:00,1,41
resume/index.html,7,html,36e2dc98,Varick Janiro Hasim,2025-04-17,23:37:27,-07:00,2025-04-17T23:37:27-07:00,1,48
resume/index.html,8,html,79f8001d,Varick Janiro Hasim,2025-04-04,23:23:14,-07:00,2025-04-04T23:23:14-07:00,0,5
resume/index.html,9,html,a3961329,Varick Janiro Hasim,2025-04-10,14:14:51,-07:00,2025-04-10T14:14:51-07:00,0,5
resume/index.html,10,html,a3961329,Varick Janiro Hasim,2025-04-10,14:14:51,-07:00,2025-04-10T14:14:51-07:00,2,17
resume/index.html,11,html,a3961329,Varick Janiro Hasim,2025-04-10,14:14:51,-07:00,2025-04-10T14:14:51-07:00,2,6
resume/index.html,12,html,a3961329,Varick Janiro Hasim,2025-04-10,14:14:51,-07:00,2025-04-10T14:14:51-07:00,3,24
resume/index.html,13,html,a3961329,Varick Janiro Hasim,2025-04-10,14:14:51,-07:00,2025-04-10T14:14:51-07:00,3,28
resume/index.html,14,html,a3961329,Varick Janiro Hasim,2025-04-10,14:14:51,-07:00,2025-04-10T14:14:51-07:00,3,12
resume/index.html,15,html,a3961329,Varick Janiro Hasim,2025-04-10,14:14:51,-07:00,2025-04-10T14:14:51-07:00,3,17
resume/index.html,16,html,a3961329,Varick Janiro Hasim,2025-04-10,14:14:51,-07:00,2025-04-10T14:14:51-07:00,2,0
resume/index.html,17,html,a3961329,Varick Janiro Hasim,2025-04-10,14:14:51,-07:00,2025-04-10T14:14:51-07:00,2,0
resume/index.html,18,html,a3961329,Varick Janiro Hasim,2025-04-10,14:14:51,-07:00,2025-04-10T14:14:51-07:00,2,9
resume/index.html,19,html,a3961329,Varick Janiro Hasim,2025-04-10,14:14:51,-07:00,2025-04-10T14:14:51-07:00,3,15
resume/index.html,20,html,a3961329,Varick Janiro Hasim,2025-04-10,14:14:51,-07:00,2025-04-10T14:14:51-07:00,3,8
resume/index.html,21,html,36e2dc98,Varick Janiro Hasim,2025-04-17,23:37:27,-07:00,2025-04-17T23:37:27-07:00,3,11
resume/index.html,22,html,a3961329,Varick Janiro Hasim,2025-04-10,14:14:51,-07:00,2025-04-10T14:14:51-07:00,2,0
resume/index.html,23,html,a3961329,Varick Janiro Hasim,2025-04-10,14:14:51,-07:00,2025-04-10T14:14:51-07:00,2,0
resume/index.html,24,html,a3961329,Varick Janiro Hasim,2025-04-10,14:14:51,-07:00,2025-04-10T14:14:51-07:00,2,9
resume/index.html,25,html,a3961329,Varick Janiro Hasim,2025-04-10,14:14:51,-07:00,2025-04-10T14:14:51-07:00,3,15
resume/index.html,26,html,a3961329,Varick Janiro Hasim,2025-04-10,14:14:51,-07:00,2025-04-10T14:14:51-07:00,3,12
resume/index.html,27,html,a3961329,Varick Janiro Hasim,2025-04-10,14:14:51,-07:00,2025-04-10T14:14:51-07:00,3,10
resume/index.html,28,html,a3961329,Varick Janiro Hasim,2025-04-10,14:14:51,-07:00,2025-04-10T14:14:51-07:00,2,0
resume/index.html,29,html,a3961329,Varick Janiro Hasim,2025-04-10,14:14:51,-07:00,2025-04-10T14:14:51-07:00,2,0
resume/index.html,30,html,a3961329,Varick Janiro Hasim,2025-04-10,14:14:51,-07:00,2025-04-10T14:14:51-07:00,2,8
resume/index.html,31,html,a3961329,Varick Janiro Hasim,2025-04-10,14:14:51,-07:00,2025-04-10T14:14:51-07:00,3,12
resume/index.html,32,html,36e2dc98,Varick Janiro Hasim,2025-04-17,23:37:27,-07:00,2025-04-17T23:37:27-07:00,3,11
resume/index.html,33,html,a3961329,Varick Janiro Hasim,2025-04-10,14:14:51,-07:00,2025-04-10T14:14:51-07:00,2,0
resume/index.html,34,html,a3961329,Varick Janiro Hasim,2025-04-10,14:14:51,-07:00,2025-04-10T14:14:51-07:00,2,0
resume/index.html,35,html,a3961329,Varick Janiro Hasim,2025-04-10,14:14:51,-07:00,2025-04-10T14:14:51-07:00,2,8
resume/index.html,36,html,a3961329,Varick Janiro Hasim,2025-04-10,14:14:51,-07:00,2025-04-10T14:14:51-07:00,3,13
resume/index.html,37,html,a3961329,Varick Janiro Hasim,2025-04-10,14:14:51,-07:00,2025-04-10T14:14:51-07:00,3,20
resume/index.html,38,html,a3961329,Varick Janiro Hasim,2025-04-10,14:14:51,-07:00,2025-04-10T14:14:51-07:00,2,0
resume/index.html,39,html,a3961329,Varick Janiro Hasim,2025-04-10,14:14:51,-07:00,2025-04-10T14:14:51-07:00,2,0
resume/index.html,40,html,a3961329,Varick Janiro Hasim,2025-04-10,14:14:51,-07:00,2025-04-10T14:14:51-07:00,2,14
resume/index.html,41,html,a3961329,Varick Janiro Hasim,2025-04-10,14:14:51,-07:00,2025-04-10T14:14:51-07:00,3,25
resume/index.html,42,html,a3961329,Varick Janiro Hasim,2025-04-10,14:14:51,-07:00,2025-04-10T14:14:51-07:00,2,0
resume/index.html,43,html,a3961329,Varick Janiro Hasim,2025-04-10,14:14:51,-07:00,2025-04-10T14:14:51-07:00,2,0
resume/index.html,44,html,a3961329,Varick Janiro Hasim,2025-04-10,14:14:51,-07:00,2025-04-10T14:14:51-07:00,2,7
resume/index.html,45,html,a3961329,Varick Janiro Hasim,2025-04-10,14:14:51,-07:00,2025-04-10T14:14:51-07:00,3,15
resume/index.html,46,html,a3961329,Varick Janiro Hasim,2025-04-10,14:14:51,-07:00,2025-04-10T14:14:51-07:00,3,16
resume/index.html,47,html,a3961329,Varick Janiro Hasim,2025-04-10,14:14:51,-07:00,2025-04-10T14:14:51-07:00,3,12
resume/index.html,48,html,a3961329,Varick Janiro Hasim,2025-04-10,14:14:51,-07:00,2025-04-10T14:14:51-07:00,3,21
resume/index.html,49,html,a3961329,Varick Janiro Hasim,2025-04-10,14:14:51,-07:00,2025-04-10T14:14:51-07:00,3,21
resume/index.html,50,html,a3961329,Varick Janiro Hasim,2025-04-10,14:14:51,-07:00,2025-04-10T14:14:51-07:00,3,17
resume/index.html,51,html,a3961329,Varick Janiro Hasim,2025-04-10,14:14:51,-07:00,2025-04-10T14:14:51-07:00,3,36
resume/index.html,52,html,a3961329,Varick Janiro Hasim,2025-04-10,14:14:51,-07:00,2025-04-10T14:14:51-07:00,2,0
resume/index.html,53,html,a3961329,Varick Janiro Hasim,2025-04-10,14:14:51,-07:00,2025-04-10T14:14:51-07:00,2,0
resume/index.html,54,html,a3961329,Varick Janiro Hasim,2025-04-10,14:14:51,-07:00,2025-04-10T14:14:51-07:00,2,14
resume/index.html,55,html,a3961329,Varick Janiro Hasim,2025-04-10,14:14:51,-07:00,2025-04-10T14:14:51-07:00,3,28
resume/index.html,56,html,a3961329,Varick Janiro Hasim,2025-04-10,14:14:51,-07:00,2025-04-10T14:14:51-07:00,3,18
resume/index.html,57,html,a3961329,Varick Janiro Hasim,2025-04-10,14:14:51,-07:00,2025-04-10T14:14:51-07:00,3,18
resume/index.html,58,html,a3961329,Varick Janiro Hasim,2025-04-10,14:14:51,-07:00,2025-04-10T14:14:51-07:00,2,0
resume/index.html,59,html,a3961329,Varick Janiro Hasim,2025-04-10,14:14:51,-07:00,2025-04-10T14:14:51-07:00,2,0
resume/index.html,60,html,a3961329,Varick Janiro Hasim,2025-04-10,14:14:51,-07:00,2025-04-10T14:14:51-07:00,2,17
resume/index.html,61,html,a3961329,Varick Janiro Hasim,2025-04-10,14:14:51,-07:00,2025-04-10T14:14:51-07:00,3,8
resume/index.html,62,html,a3961329,Varick Janiro Hasim,2025-04-10,14:14:51,-07:00,2025-04-10T14:14:51-07:00,3,15
resume/index.html,63,html,a3961329,Varick Janiro Hasim,2025-04-10,14:14:51,-07:00,2025-04-10T14:14:51-07:00,3,13
resume/index.html,64,html,a3961329,Varick Janiro Hasim,2025-04-10,14:14:51,-07:00,2025-04-10T14:14:51-07:00,2,0
resume/index.html,65,html,a3961329,Varick Janiro Hasim,2025-04-10,14:14:51,-07:00,2025-04-10T14:14:51-07:00,2,0
resume/index.html,66,html,a3961329,Varick Janiro Hasim,2025-04-10,14:14:51,-07:00,2025-04-10T14:14:51-07:00,2,7
resume/index.html,67,html,a3961329,Varick Janiro Hasim,2025-04-10,14:14:51,-07:00,2025-04-10T14:14:51-07:00,3,13
resume/index.html,68,html,a3961329,Varick Janiro Hasim,2025-04-10,14:14:51,-07:00,2025-04-10T14:14:51-07:00,3,19
resume/index.html,69,html,a3961329,Varick Janiro Hasim,2025-04-10,14:14:51,-07:00,2025-04-10T14:14:51-07:00,3,29
resume/index.html,70,html,a3961329,Varick Janiro Hasim,2025-04-10,14:14:51,-07:00,2025-04-10T14:14:51-07:00,2,0
resume/index.html,71,html,a3961329,Varick Janiro Hasim,2025-04-10,14:14:51,-07:00,2025-04-10T14:14:51-07:00,2,0
resume/index.html,72,html,a3961329,Varick Janiro Hasim,2025-04-10,14:14:51,-07:00,2025-04-10T14:14:51-07:00,2,17
resume/index.html,73,html,a3961329,Varick Janiro Hasim,2025-04-10,14:14:51,-07:00,2025-04-10T14:14:51-07:00,3,8
resume/index.html,74,html,a3961329,Varick Janiro Hasim,2025-04-10,14:14:51,-07:00,2025-04-10T14:14:51-07:00,3,15
resume/index.html,75,html,a3961329,Varick Janiro Hasim,2025-04-10,14:14:51,-07:00,2025-04-10T14:14:51-07:00,3,13
resume/index.html,76,html,a3961329,Varick Janiro Hasim,2025-04-10,14:14:51,-07:00,2025-04-10T14:14:51-07:00,2,0
resume/index.html,77,html,a3961329,Varick Janiro Hasim,2025-04-10,14:14:51,-07:00,2025-04-10T14:14:51-07:00,2,0
resume/index.html,78,html,a3961329,Varick Janiro Hasim,2025-04-10,14:14:51,-07:00,2025-04-10T14:14:51-07:00,2,16
resume/index.html,79,html,a3961329,Varick Janiro Hasim,2025-04-10,14:14:51,-07:00,2025-04-10T14:14:51-07:00,3,15
resume/index.html,80,html,a3961329,Varick Janiro Hasim,2025-04-10,14:14:51,-07:00,2025-04-10T14:14:51-07:00,3,13
resume/index.html,81,html,a3961329,Varick Janiro Hasim,2025-04-10,14:14:51,-07:00,2025-04-10T14:14:51-07:00,3,14
resume/index.html,82,html,a3961329,Varick Janiro Hasim,2025-04-10,14:14:51,-07:00,2025-04-10T14:14:51-07:00,2,0
resume/index.html,83,html,a3961329,Varick Janiro Hasim,2025-04-10,14:14:51,-07:00,2025-04-10T14:14:51-07:00,2,0
resume/index.html,84,html,a3961329,Varick Janiro Hasim,2025-04-10,14:14:51,-07:00,2025-04-10T14:14:51-07:00,2,2
resume/index.html,85,html,a3961329,Varick Janiro Hasim,2025-04-10,14:14:51,-07:00,2025-04-10T14:14:51-07:00,3,17
resume/index.html,86,html,a3961329,Varick Janiro Hasim,2025-04-10,14:14:51,-07:00,2025-04-10T14:14:51-07:00,3,20
resume/index.html,87,html,a3961329,Varick Janiro Hasim,2025-04-10,14:14:51,-07:00,2025-04-10T14:14:51-07:00,2,0
resume/index.html,88,html,a3961329,Varick Janiro Hasim,2025-04-10,14:14:51,-07:00,2025-04-10T14:14:51-07:00,2,0
resume/index.html,89,html,a3961329,Varick Janiro Hasim,2025-04-10,14:14:51,-07:00,2025-04-10T14:14:51-07:00,2,5
resume/index.html,90,html,a3961329,Varick Janiro Hasim,2025-04-10,14:14:51,-07:00,2025-04-10T14:14:51-07:00,3,17
resume/index.html,91,html,36e2dc98,Varick Janiro Hasim,2025-04-17,23:37:27,-07:00,2025-04-17T23:37:27-07:00,3,11
resume/index.html,92,html,a3961329,Varick Janiro Hasim,2025-04-10,14:14:51,-07:00,2025-04-10T14:14:51-07:00,2,0
resume/index.html,93,html,a3961329,Varick Janiro Hasim,2025-04-10,14:14:51,-07:00,2025-04-10T14:14:51-07:00,2,0
resume/index.html,94,html,a3961329,Varick Janiro Hasim,2025-04-10,14:14:51,-07:00,2025-04-10T14:14:51-07:00,2,6
resume/index.html,95,html,a3961329,Varick Janiro Hasim,2025-04-10,14:14:51,-07:00,2025-04-10T14:14:51-07:00,3,24
resume/index.html,96,html,a3961329,Varick Janiro Hasim,2025-04-10,14:14:51,-07:00,2025-04-10T14:14:51-07:00,3,25
resume/index.html,97,html,a3961329,Varick Janiro Hasim,2025-04-10,14:14:51,-07:00,2025-04-10T14:14:51-07:00,3,17
resume/index.html,98,html,a3961329,Varick Janiro Hasim,2025-04-10,14:14:51,-07:00,2025-04-10T14:14:51-07:00,3,12
resume/index.html,99,html,a3961329,Varick Janiro Hasim,2025-04-10,14:14:51,-07:00,2025-04-10T14:14:51-07:00,3,15
resume/index.html,100,html,a3961329,Varick Janiro Hasim,2025-04-10,14:14:51,-07:00,2025-04-10T14:14:51-07:00,3,15
resume/index.html,101,html,a3961329,Varick Janiro Hasim,2025-04-10,14:14:51,-07:00,2025-04-10T14:14:51-07:00,3,10
resume/index.html,102,html,36e2dc98,Varick Janiro Hasim,2025-04-17,23:37:27,-07:00,2025-04-17T23:37:27-07:00,0,0
resume/index.html,103,html,36e2dc98,Varick Janiro Hasim,2025-04-17,23:37:27,-07:00,2025-04-17T23:37:27-07:00,2,0
resume/index.html,104,html,36e2dc98,Varick Janiro Hasim,2025-04-17,23:37:27,-07:00,2025-04-17T23:37:27-07:00,2,9
resume/index.html,105,html,36e2dc98,Varick Janiro Hasim,2025-04-17,23:37:27,-07:00,2025-04-17T23:37:27-07:00,3,11
resume/index.html,106,html,36e2dc98,Varick Janiro Hasim,2025-04-17,23:37:27,-07:00,2025-04-17T23:37:27-07:00,2,0
resume/index.html,107,html,36e2dc98,Varick Janiro Hasim,2025-04-17,23:37:27,-07:00,2025-04-17T23:37:27-07:00,0,0
resume/index.html,108,html,36e2dc98,Varick Janiro Hasim,2025-04-17,23:37:27,-07:00,2025-04-17T23:37:27-07:00,2,8
resume/index.html,109,html,36e2dc98,Varick Janiro Hasim,2025-04-17,23:37:27,-07:00,2025-04-17T23:37:27-07:00,3,11
resume/index.html,110,html,a3961329,Varick Janiro Hasim,2025-04-10,14:14:51,-07:00,2025-04-10T14:14:51-07:00,2,0
resume/index.html,111,html,36e2dc98,Varick Janiro Hasim,2025-04-17,23:37:27,-07:00,2025-04-17T23:37:27-07:00,1,0
resume/index.html,112,html,a3961329,Varick Janiro Hasim,2025-04-10,14:14:51,-07:00,2025-04-10T14:14:51-07:00,0,6
resume/index.html,113,html,79f8001d,Varick Janiro Hasim,2025-04-04,23:23:14,-07:00,2025-04-04T23:23:14-07:00,0,4
resume/index.html,114,html,36e2dc98,Varick Janiro Hasim,2025-04-17,23:37:27,-07:00,2025-04-17T23:37:27-07:00,2,8
resume/index.html,115,html,79f8001d,Varick Janiro Hasim,2025-04-04,23:23:14,-07:00,2025-04-04T23:23:14-07:00,4,2
resume/index.html,116,html,79f8001d,Varick Janiro Hasim,2025-04-04,23:23:14,-07:00,2025-04-04T23:23:14-07:00,6,44
resume/index.html,117,html,79f8001d,Varick Janiro Hasim,2025-04-04,23:23:14,-07:00,2025-04-04T23:23:14-07:00,6,57
resume/index.html,118,html,79f8001d,Varick Janiro Hasim,2025-04-04,23:23:14,-07:00,2025-04-04T23:23:14-07:00,6,55
resume/index.html,119,html,36e2dc98,Varick Janiro Hasim,2025-04-17,23:37:27,-07:00,2025-04-17T23:37:27-07:00,6,45
resume/index.html,120,html,79f8001d,Varick Janiro Hasim,2025-04-04,23:23:14,-07:00,2025-04-04T23:23:14-07:00,6,71
resume/index.html,121,html,79f8001d,Varick Janiro Hasim,2025-04-04,23:23:14,-07:00,2025-04-04T23:23:14-07:00,4,3
resume/index.html,122,html,36e2dc98,Varick Janiro Hasim,2025-04-17,23:37:27,-07:00,2025-04-17T23:37:27-07:00,2,8
resume/index.html,123,html,79f8001d,Varick Janiro Hasim,2025-04-04,23:23:14,-07:00,2025-04-04T23:23:14-07:00,2,6
resume/index.html,124,html,79f8001d,Varick Janiro Hasim,2025-04-04,23:23:14,-07:00,2025-04-04T23:23:14-07:00,4,26
resume/index.html,125,html,79f8001d,Varick Janiro Hasim,2025-04-04,23:23:14,-07:00,2025-04-04T23:23:14-07:00,4,54
resume/index.html,126,html,79f8001d,Varick Janiro Hasim,2025-04-04,23:23:14,-07:00,2025-04-04T23:23:14-07:00,4,54
resume/index.html,127,html,79f8001d,Varick Janiro Hasim,2025-04-04,23:23:14,-07:00,2025-04-04T23:23:14-07:00,4,94
resume/index.html,128,html,79f8001d,Varick Janiro Hasim,2025-04-04,23:23:14,-07:00,2025-04-04T23:23:14-07:00,2,7
resume/index.html,129,html,79f8001d,Varick Janiro Hasim,2025-04-04,23:23:14,-07:00,2025-04-04T23:23:14-07:00,0,0
resume/index.html,130,html,79f8001d,Varick Janiro Hasim,2025-04-04,23:23:14,-07:00,2025-04-04T23:23:14-07:00,2,20
resume/index.html,131,html,79f8001d,Varick Janiro Hasim,2025-04-04,23:23:14,-07:00,2025-04-04T23:23:14-07:00,4,6
resume/index.html,132,html,79f8001d,Varick Janiro Hasim,2025-04-04,23:23:14,-07:00,2025-04-04T23:23:14-07:00,4,14
resume/index.html,133,html,79f8001d,Varick Janiro Hasim,2025-04-04,23:23:14,-07:00,2025-04-04T23:23:14-07:00,4,7
resume/index.html,134,html,79f8001d,Varick Janiro Hasim,2025-04-04,23:23:14,-07:00,2025-04-04T23:23:14-07:00,4,1
resume/index.html,135,html,79f8001d,Varick Janiro Hasim,2025-04-04,23:23:14,-07:00,2025-04-04T23:23:14-07:00,6,131
resume/index.html,136,html,79f8001d,Varick Janiro Hasim,2025-04-04,23:23:14,-07:00,2025-04-04T23:23:14-07:00,4,2
resume/index.html,137,html,79f8001d,Varick Janiro Hasim,2025-04-04,23:23:14,-07:00,2025-04-04T23:23:14-07:00,2,8
resume/index.html,138,html,79f8001d,Varick Janiro Hasim,2025-04-04,23:23:14,-07:00,2025-04-04T23:23:14-07:00,0,0
resume/index.html,139,html,79f8001d,Varick Janiro Hasim,2025-04-04,23:23:14,-07:00,2025-04-04T23:23:14-07:00,2,22
resume/index.html,140,html,79f8001d,Varick Janiro Hasim,2025-04-04,23:23:14,-07:00,2025-04-04T23:23:14-07:00,4,6
resume/index.html,141,html,79f8001d,Varick Janiro Hasim,2025-04-04,23:23:14,-07:00,2025-04-04T23:23:14-07:00,4,16
resume/index.html,142,html,79f8001d,Varick Janiro Hasim,2025-04-04,23:23:14,-07:00,2025-04-04T23:23:14-07:00,4,7
resume/index.html,143,html,79f8001d,Varick Janiro Hasim,2025-04-04,23:23:14,-07:00,2025-04-04T23:23:14-07:00,4,7
resume/index.html,144,html,79f8001d,Varick Janiro Hasim,2025-04-04,23:23:14,-07:00,2025-04-04T23:23:14-07:00,4,6
resume/index.html,145,html,79f8001d,Varick Janiro Hasim,2025-04-04,23:23:14,-07:00,2025-04-04T23:23:14-07:00,6,42
resume/index.html,146,html,79f8001d,Varick Janiro Hasim,2025-04-04,23:23:14,-07:00,2025-04-04T23:23:14-07:00,6,94
resume/index.html,147,html,79f8001d,Varick Janiro Hasim,2025-04-04,23:23:14,-07:00,2025-04-04T23:23:14-07:00,4,7
resume/index.html,148,html,79f8001d,Varick Janiro Hasim,2025-04-04,23:23:14,-07:00,2025-04-04T23:23:14-07:00,4,1
resume/index.html,149,html,79f8001d,Varick Janiro Hasim,2025-04-04,23:23:14,-07:00,2025-04-04T23:23:14-07:00,6,88
resume/index.html,150,html,79f8001d,Varick Janiro Hasim,2025-04-04,23:23:14,-07:00,2025-04-04T23:23:14-07:00,4,2
resume/index.html,151,html,79f8001d,Varick Janiro Hasim,2025-04-04,23:23:14,-07:00,2025-04-04T23:23:14-07:00,4,1
resume/index.html,152,html,79f8001d,Varick Janiro Hasim,2025-04-04,23:23:14,-07:00,2025-04-04T23:23:14-07:00,6,20
resume/index.html,153,html,79f8001d,Varick Janiro Hasim,2025-04-04,23:23:14,-07:00,2025-04-04T23:23:14-07:00,4,2
resume/index.html,154,html,79f8001d,Varick Janiro Hasim,2025-04-04,23:23:14,-07:00,2025-04-04T23:23:14-07:00,4,8
resume/index.html,155,html,79f8001d,Varick Janiro Hasim,2025-04-04,23:23:14,-07:00,2025-04-04T23:23:14-07:00,2,8
resume/index.html,156,html,79f8001d,Varick Janiro Hasim,2025-04-04,23:23:14,-07:00,2025-04-04T23:23:14-07:00,0,0
resume/index.html,157,html,79f8001d,Varick Janiro Hasim,2025-04-04,23:23:14,-07:00,2025-04-04T23:23:14-07:00,2,23
resume/index.html,158,html,79f8001d,Varick Janiro Hasim,2025-04-04,23:23:14,-07:00,2025-04-04T23:23:14-07:00,4,6
resume/index.html,159,html,79f8001d,Varick Janiro Hasim,2025-04-04,23:23:14,-07:00,2025-04-04T23:23:14-07:00,4,22
resume/index.html,160,html,79f8001d,Varick Janiro Hasim,2025-04-04,23:23:14,-07:00,2025-04-04T23:23:14-07:00,4,7
resume/index.html,161,html,79f8001d,Varick Janiro Hasim,2025-04-04,23:23:14,-07:00,2025-04-04T23:23:14-07:00,4,7
resume/index.html,162,html,79f8001d,Varick Janiro Hasim,2025-04-04,23:23:14,-07:00,2025-04-04T23:23:14-07:00,4,6
resume/index.html,163,html,79f8001d,Varick Janiro Hasim,2025-04-04,23:23:14,-07:00,2025-04-04T23:23:14-07:00,6,45
resume/index.html,164,html,79f8001d,Varick Janiro Hasim,2025-04-04,23:23:14,-07:00,2025-04-04T23:23:14-07:00,4,7
resume/index.html,165,html,79f8001d,Varick Janiro Hasim,2025-04-04,23:23:14,-07:00,2025-04-04T23:23:14-07:00,4,1
resume/index.html,166,html,79f8001d,Varick Janiro Hasim,2025-04-04,23:23:14,-07:00,2025-04-04T23:23:14-07:00,6,88
resume/index.html,167,html,79f8001d,Varick Janiro Hasim,2025-04-04,23:23:14,-07:00,2025-04-04T23:23:14-07:00,4,2
resume/index.html,168,html,79f8001d,Varick Janiro Hasim,2025-04-04,23:23:14,-07:00,2025-04-04T23:23:14-07:00,4,2
resume/index.html,169,html,79f8001d,Varick Janiro Hasim,2025-04-04,23:23:14,-07:00,2025-04-04T23:23:14-07:00,6,198
resume/index.html,170,html,79f8001d,Varick Janiro Hasim,2025-04-04,23:23:14,-07:00,2025-04-04T23:23:14-07:00,6,280
resume/index.html,171,html,79f8001d,Varick Janiro Hasim,2025-04-04,23:23:14,-07:00,2025-04-04T23:23:14-07:00,4,3
resume/index.html,172,html,79f8001d,Varick Janiro Hasim,2025-04-04,23:23:14,-07:00,2025-04-04T23:23:14-07:00,4,8
resume/index.html,173,html,79f8001d,Varick Janiro Hasim,2025-04-04,23:23:14,-07:00,2025-04-04T23:23:14-07:00,4,7
resume/index.html,174,html,79f8001d,Varick Janiro Hasim,2025-04-04,23:23:14,-07:00,2025-04-04T23:23:14-07:00,4,6
resume/index.html,175,html,79f8001d,Varick Janiro Hasim,2025-04-04,23:23:14,-07:00,2025-04-04T23:23:14-07:00,6,47
resume/index.html,176,html,79f8001d,Varick Janiro Hasim,2025-04-04,23:23:14,-07:00,2025-04-04T23:23:14-07:00,4,7
resume/index.html,177,html,79f8001d,Varick Janiro Hasim,2025-04-04,23:23:14,-07:00,2025-04-04T23:23:14-07:00,4,1
resume/index.html,178,html,79f8001d,Varick Janiro Hasim,2025-04-04,23:23:14,-07:00,2025-04-04T23:23:14-07:00,6,50
resume/index.html,179,html,79f8001d,Varick Janiro Hasim,2025-04-04,23:23:14,-07:00,2025-04-04T23:23:14-07:00,4,2
resume/index.html,180,html,79f8001d,Varick Janiro Hasim,2025-04-04,23:23:14,-07:00,2025-04-04T23:23:14-07:00,4,2
resume/index.html,181,html,79f8001d,Varick Janiro Hasim,2025-04-04,23:23:14,-07:00,2025-04-04T23:23:14-07:00,6,131
resume/index.html,182,html,79f8001d,Varick Janiro Hasim,2025-04-04,23:23:14,-07:00,2025-04-04T23:23:14-07:00,6,237
resume/index.html,183,html,79f8001d,Varick Janiro Hasim,2025-04-04,23:23:14,-07:00,2025-04-04T23:23:14-07:00,4,3
resume/index.html,184,html,79f8001d,Varick Janiro Hasim,2025-04-04,23:23:14,-07:00,2025-04-04T23:23:14-07:00,4,8
resume/index.html,185,html,79f8001d,Varick Janiro Hasim,2025-04-04,23:23:14,-07:00,2025-04-04T23:23:14-07:00,2,8
resume/index.html,186,html,79f8001d,Varick Janiro Hasim,2025-04-04,23:23:14,-07:00,2025-04-04T23:23:14-07:00,0,0
resume/index.html,187,html,79f8001d,Varick Janiro Hasim,2025-04-04,23:23:14,-07:00,2025-04-04T23:23:14-07:00,2,19
resume/index.html,188,html,79f8001d,Varick Janiro Hasim,2025-04-04,23:23:14,-07:00,2025-04-04T23:23:14-07:00,4,6
resume/index.html,189,html,79f8001d,Varick Janiro Hasim,2025-04-04,23:23:14,-07:00,2025-04-04T23:23:14-07:00,4,13
resume/index.html,190,html,79f8001d,Varick Janiro Hasim,2025-04-04,23:23:14,-07:00,2025-04-04T23:23:14-07:00,4,7
resume/index.html,191,html,79f8001d,Varick Janiro Hasim,2025-04-04,23:23:14,-07:00,2025-04-04T23:23:14-07:00,4,2
resume/index.html,192,html,79f8001d,Varick Janiro Hasim,2025-04-04,23:23:14,-07:00,2025-04-04T23:23:14-07:00,4,28
resume/index.html,193,html,79f8001d,Varick Janiro Hasim,2025-04-04,23:23:14,-07:00,2025-04-04T23:23:14-07:00,4,19
resume/index.html,194,html,79f8001d,Varick Janiro Hasim,2025-04-04,23:23:14,-07:00,2025-04-04T23:23:14-07:00,4,25
resume/index.html,195,html,79f8001d,Varick Janiro Hasim,2025-04-04,23:23:14,-07:00,2025-04-04T23:23:14-07:00,4,10
resume/index.html,196,html,79f8001d,Varick Janiro Hasim,2025-04-04,23:23:14,-07:00,2025-04-04T23:23:14-07:00,4,3
resume/index.html,197,html,79f8001d,Varick Janiro Hasim,2025-04-04,23:23:14,-07:00,2025-04-04T23:23:14-07:00,2,8
resume/index.html,198,html,79f8001d,Varick Janiro Hasim,2025-04-04,23:23:14,-07:00,2025-04-04T23:23:14-07:00,0,0
resume/index.html,199,html,79f8001d,Varick Janiro Hasim,2025-04-04,23:23:14,-07:00,2025-04-04T23:23:14-07:00,2,21
resume/index.html,200,html,79f8001d,Varick Janiro Hasim,2025-04-04,23:23:14,-07:00,2025-04-04T23:23:14-07:00,4,6
resume/index.html,201,html,79f8001d,Varick Janiro Hasim,2025-04-04,23:23:14,-07:00,2025-04-04T23:23:14-07:00,4,15
resume/index.html,202,html,79f8001d,Varick Janiro Hasim,2025-04-04,23:23:14,-07:00,2025-04-04T23:23:14-07:00,4,7
resume/index.html,203,html,79f8001d,Varick Janiro Hasim,2025-04-04,23:23:14,-07:00,2025-04-04T23:23:14-07:00,4,7
resume/index.html,204,html,79f8001d,Varick Janiro Hasim,2025-04-04,23:23:14,-07:00,2025-04-04T23:23:14-07:00,4,6
resume/index.html,205,html,79f8001d,Varick Janiro Hasim,2025-04-04,23:23:14,-07:00,2025-04-04T23:23:14-07:00,6,44
resume/index.html,206,html,79f8001d,Varick Janiro Hasim,2025-04-04,23:23:14,-07:00,2025-04-04T23:23:14-07:00,4,7
resume/index.html,207,html,79f8001d,Varick Janiro Hasim,2025-04-04,23:23:14,-07:00,2025-04-04T23:23:14-07:00,4,2
resume/index.html,208,html,79f8001d,Varick Janiro Hasim,2025-04-04,23:23:14,-07:00,2025-04-04T23:23:14-07:00,6,239
resume/index.html,209,html,79f8001d,Varick Janiro Hasim,2025-04-04,23:23:14,-07:00,2025-04-04T23:23:14-07:00,6,202
resume/index.html,210,html,79f8001d,Varick Janiro Hasim,2025-04-04,23:23:14,-07:00,2025-04-04T23:23:14-07:00,4,3
resume/index.html,211,html,79f8001d,Varick Janiro Hasim,2025-04-04,23:23:14,-07:00,2025-04-04T23:23:14-07:00,4,8
resume/index.html,212,html,79f8001d,Varick Janiro Hasim,2025-04-04,23:23:14,-07:00,2025-04-04T23:23:14-07:00,2,8
resume/index.html,213,html,79f8001d,Varick Janiro Hasim,2025-04-04,23:23:14,-07:00,2025-04-04T23:23:14-07:00,0,0
resume/index.html,214,html,79f8001d,Varick Janiro Hasim,2025-04-04,23:23:14,-07:00,2025-04-04T23:23:14-07:00,2,6
resume/index.html,215,html,79f8001d,Varick Janiro Hasim,2025-04-04,23:23:14,-07:00,2025-04-04T23:23:14-07:00,4,67
resume/index.html,216,html,79f8001d,Varick Janiro Hasim,2025-04-04,23:23:14,-07:00,2025-04-04T23:23:14-07:00,2,7
resume/index.html,217,html,79f8001d,Varick Janiro Hasim,2025-04-04,23:23:14,-07:00,2025-04-04T23:23:14-07:00,2,5
resume/index.html,218,html,79f8001d,Varick Janiro Hasim,2025-04-04,23:23:14,-07:00,2025-04-04T23:23:14-07:00,2,5
projects/projects.js,1,js,589fdff0,Varick Janiro Hasim,2025-04-25,14:41:02,-07:00,2025-04-25T14:41:02-07:00,0,55
projects/projects.js,2,js,4620788c,Varick Janiro Hasim,2025-05-02,22:30:58,-07:00,2025-05-02T22:30:58-07:00,0,63
projects/projects.js,3,js,589fdff0,Varick Janiro Hasim,2025-04-25,14:41:02,-07:00,2025-04-25T14:41:02-07:00,0,0
projects/projects.js,4,js,589fdff0,Varick Janiro Hasim,2025-04-25,14:41:02,-07:00,2025-04-25T14:41:02-07:00,0,55
projects/projects.js,5,js,589fdff0,Varick Janiro Hasim,2025-04-25,14:41:02,-07:00,2025-04-25T14:41:02-07:00,0,0
projects/projects.js,6,js,589fdff0,Varick Janiro Hasim,2025-04-25,14:41:02,-07:00,2025-04-25T14:41:02-07:00,0,60
projects/projects.js,7,js,589fdff0,Varick Janiro Hasim,2025-04-25,14:41:02,-07:00,2025-04-25T14:41:02-07:00,0,0
projects/projects.js,8,js,589fdff0,Varick Janiro Hasim,2025-04-25,14:41:02,-07:00,2025-04-25T14:41:02-07:00,0,48
projects/projects.js,9,js,589fdff0,Varick Janiro Hasim,2025-04-25,14:41:02,-07:00,2025-04-25T14:41:02-07:00,0,0
projects/projects.js,10,js,589fdff0,Varick Janiro Hasim,2025-04-25,14:41:02,-07:00,2025-04-25T14:41:02-07:00,0,62
projects/projects.js,11,js,589fdff0,Varick Janiro Hasim,2025-04-25,14:41:02,-07:00,2025-04-25T14:41:02-07:00,0,56
projects/projects.js,12,js,4620788c,Varick Janiro Hasim,2025-05-02,22:30:58,-07:00,2025-05-02T22:30:58-07:00,0,0
projects/projects.js,13,js,4620788c,Varick Janiro Hasim,2025-05-02,22:30:58,-07:00,2025-05-02T22:30:58-07:00,0,6
projects/projects.js,14,js,4620788c,Varick Janiro Hasim,2025-05-02,22:30:58,-07:00,2025-05-02T22:30:58-07:00,0,57
projects/projects.js,15,js,4620788c,Varick Janiro Hasim,2025-05-02,22:30:58,-07:00,2025-05-02T22:30:58-07:00,0,0
projects/projects.js,16,js,4620788c,Varick Janiro Hasim,2025-05-02,22:30:58,-07:00,2025-05-02T22:30:58-07:00,0,47
projects/projects.js,17,js,4620788c,Varick Janiro Hasim,2025-05-02,22:30:58,-07:00,2025-05-02T22:30:58-07:00,0,0
projects/projects.js,18,js,4620788c,Varick Janiro Hasim,2025-05-02,22:30:58,-07:00,2025-05-02T22:30:58-07:00,0,38
projects/projects.js,19,js,4620788c,Varick Janiro Hasim,2025-05-02,22:30:58,-07:00,2025-05-02T22:30:58-07:00,2,26
projects/projects.js,20,js,4620788c,Varick Janiro Hasim,2025-05-02,22:30:58,-07:00,2025-05-02T22:30:58-07:00,4,12
projects/projects.js,21,js,4620788c,Varick Janiro Hasim,2025-05-02,22:30:58,-07:00,2025-05-02T22:30:58-07:00,4,14
projects/projects.js,22,js,4620788c,Varick Janiro Hasim,2025-05-02,22:30:58,-07:00,2025-05-02T22:30:58-07:00,4,12
projects/projects.js,23,js,4620788c,Varick Janiro Hasim,2025-05-02,22:30:58,-07:00,2025-05-02T22:30:58-07:00,2,44
projects/projects.js,24,js,4620788c,Varick Janiro Hasim,2025-05-02,22:30:58,-07:00,2025-05-02T22:30:58-07:00,2,0
projects/projects.js,25,js,4620788c,Varick Janiro Hasim,2025-05-02,22:30:58,-07:00,2025-05-02T22:30:58-07:00,2,44
projects/projects.js,26,js,4620788c,Varick Janiro Hasim,2025-05-02,22:30:58,-07:00,2025-05-02T22:30:58-07:00,4,35
projects/projects.js,27,js,4620788c,Varick Janiro Hasim,2025-05-02,22:30:58,-07:00,2025-05-02T22:30:58-07:00,2,1
projects/projects.js,28,js,4620788c,Varick Janiro Hasim,2025-05-02,22:30:58,-07:00,2025-05-02T22:30:58-07:00,0,0
projects/projects.js,29,js,4620788c,Varick Janiro Hasim,2025-05-02,22:30:58,-07:00,2025-05-02T22:30:58-07:00,2,50
projects/projects.js,30,js,4620788c,Varick Janiro Hasim,2025-05-02,22:30:58,-07:00,2025-05-02T22:30:58-07:00,2,33
projects/projects.js,31,js,4620788c,Varick Janiro Hasim,2025-05-02,22:30:58,-07:00,2025-05-02T22:30:58-07:00,2,45
projects/projects.js,32,js,4620788c,Varick Janiro Hasim,2025-05-02,22:30:58,-07:00,2025-05-02T22:30:58-07:00,0,0
projects/projects.js,33,js,4620788c,Varick Janiro Hasim,2025-05-02,22:30:58,-07:00,2025-05-02T22:30:58-07:00,2,12
projects/projects.js,34,js,4620788c,Varick Janiro Hasim,2025-05-02,22:30:58,-07:00,2025-05-02T22:30:58-07:00,0,0
projects/projects.js,35,js,4620788c,Varick Janiro Hasim,2025-05-02,22:30:58,-07:00,2025-05-02T22:30:58-07:00,2,19
projects/projects.js,36,js,4620788c,Varick Janiro Hasim,2025-05-02,22:30:58,-07:00,2025-05-02T22:30:58-07:00,2,9
projects/projects.js,37,js,4620788c,Varick Janiro Hasim,2025-05-02,22:30:58,-07:00,2025-05-02T22:30:58-07:00,2,0
projects/projects.js,38,js,4620788c,Varick Janiro Hasim,2025-05-02,22:30:58,-07:00,2025-05-02T22:30:58-07:00,0,0
projects/projects.js,39,js,4620788c,Varick Janiro Hasim,2025-05-02,22:30:58,-07:00,2025-05-02T22:30:58-07:00,2,12
projects/projects.js,40,js,4620788c,Varick Janiro Hasim,2025-05-02,22:30:58,-07:00,2025-05-02T22:30:58-07:00,0,0
projects/projects.js,41,js,4620788c,Varick Janiro Hasim,2025-05-02,22:30:58,-07:00,2025-05-02T22:30:58-07:00,2,19
projects/projects.js,42,js,4620788c,Varick Janiro Hasim,2025-05-02,22:30:58,-07:00,2025-05-02T22:30:58-07:00,2,47
projects/projects.js,43,js,4620788c,Varick Janiro Hasim,2025-05-02,22:30:58,-07:00,2025-05-02T22:30:58-07:00,2,44
projects/projects.js,44,js,4620788c,Varick Janiro Hasim,2025-05-02,22:30:58,-07:00,2025-05-02T22:30:58-07:00,2,15
projects/projects.js,45,js,4620788c,Varick Janiro Hasim,2025-05-02,22:30:58,-07:00,2025-05-02T22:30:58-07:00,2,0
projects/projects.js,46,js,4620788c,Varick Janiro Hasim,2025-05-02,22:30:58,-07:00,2025-05-02T22:30:58-07:00,2,55
projects/projects.js,47,js,4620788c,Varick Janiro Hasim,2025-05-02,22:30:58,-07:00,2025-05-02T22:30:58-07:00,2,32
projects/projects.js,48,js,4620788c,Varick Janiro Hasim,2025-05-02,22:30:58,-07:00,2025-05-02T22:30:58-07:00,2,25
projects/projects.js,49,js,4620788c,Varick Janiro Hasim,2025-05-02,22:30:58,-07:00,2025-05-02T22:30:58-07:00,2,26
projects/projects.js,50,js,4620788c,Varick Janiro Hasim,2025-05-02,22:30:58,-07:00,2025-05-02T22:30:58-07:00,4,1
projects/projects.js,51,js,4620788c,Varick Janiro Hasim,2025-05-02,22:30:58,-07:00,2025-05-02T22:30:58-07:00,4,13
projects/projects.js,52,js,4620788c,Varick Janiro Hasim,2025-05-02,22:30:58,-07:00,2025-05-02T22:30:58-07:00,4,13
projects/projects.js,53,js,4620788c,Varick Janiro Hasim,2025-05-02,22:30:58,-07:00,2025-05-02T22:30:58-07:00,4,97
projects/projects.js,54,js,4620788c,Varick Janiro Hasim,2025-05-02,22:30:58,-07:00,2025-05-02T22:30:58-07:00,4,18
projects/projects.js,55,js,4620788c,Varick Janiro Hasim,2025-05-02,22:30:58,-07:00,2025-05-02T22:30:58-07:00,6,47
projects/projects.js,56,js,4620788c,Varick Janiro Hasim,2025-05-02,22:30:58,-07:00,2025-05-02T22:30:58-07:00,2,0
projects/projects.js,57,js,4620788c,Varick Janiro Hasim,2025-05-02,22:30:58,-07:00,2025-05-02T22:30:58-07:00,6,1
projects/projects.js,58,js,4620788c,Varick Janiro Hasim,2025-05-02,22:30:58,-07:00,2025-05-02T22:30:58-07:00,7,16
projects/projects.js,59,js,4620788c,Varick Janiro Hasim,2025-05-02,22:30:58,-07:00,2025-05-02T22:30:58-07:00,7,26
projects/projects.js,60,js,4620788c,Varick Janiro Hasim,2025-05-02,22:30:58,-07:00,2025-05-02T22:30:58-07:00,8,84
projects/projects.js,61,js,4620788c,Varick Janiro Hasim,2025-05-02,22:30:58,-07:00,2025-05-02T22:30:58-07:00,7,1
projects/projects.js,62,js,4620788c,Varick Janiro Hasim,2025-05-02,22:30:58,-07:00,2025-05-02T22:30:58-07:00,6,0
projects/projects.js,63,js,4620788c,Varick Janiro Hasim,2025-05-02,22:30:58,-07:00,2025-05-02T22:30:58-07:00,6,43
projects/projects.js,64,js,4620788c,Varick Janiro Hasim,2025-05-02,22:30:58,-07:00,2025-05-02T22:30:58-07:00,6,25
projects/projects.js,65,js,4620788c,Varick Janiro Hasim,2025-05-02,22:30:58,-07:00,2025-05-02T22:30:58-07:00,8,45
projects/projects.js,66,js,4620788c,Varick Janiro Hasim,2025-05-02,22:30:58,-07:00,2025-05-02T22:30:58-07:00,8,53
projects/projects.js,67,js,4620788c,Varick Janiro Hasim,2025-05-02,22:30:58,-07:00,2025-05-02T22:30:58-07:00,6,6
projects/projects.js,68,js,4620788c,Varick Janiro Hasim,2025-05-02,22:30:58,-07:00,2025-05-02T22:30:58-07:00,8,36
projects/projects.js,69,js,4620788c,Varick Janiro Hasim,2025-05-02,22:30:58,-07:00,2025-05-02T22:30:58-07:00,8,45
projects/projects.js,70,js,4620788c,Varick Janiro Hasim,2025-05-02,22:30:58,-07:00,2025-05-02T22:30:58-07:00,8,37
projects/projects.js,71,js,4620788c,Varick Janiro Hasim,2025-05-02,22:30:58,-07:00,2025-05-02T22:30:58-07:00,8,90
projects/projects.js,72,js,4620788c,Varick Janiro Hasim,2025-05-02,22:30:58,-07:00,2025-05-02T22:30:58-07:00,8,88
projects/projects.js,73,js,4620788c,Varick Janiro Hasim,2025-05-02,22:30:58,-07:00,2025-05-02T22:30:58-07:00,8,29
projects/projects.js,74,js,4620788c,Varick Janiro Hasim,2025-05-02,22:30:58,-07:00,2025-05-02T22:30:58-07:00,8,56
projects/projects.js,75,js,4620788c,Varick Janiro Hasim,2025-05-02,22:30:58,-07:00,2025-05-02T22:30:58-07:00,6,0
projects/projects.js,76,js,4620788c,Varick Janiro Hasim,2025-05-02,22:30:58,-07:00,2025-05-02T22:30:58-07:00,0,0
projects/projects.js,77,js,4620788c,Varick Janiro Hasim,2025-05-02,22:30:58,-07:00,2025-05-02T22:30:58-07:00,6,4
projects/projects.js,78,js,4620788c,Varick Janiro Hasim,2025-05-02,22:30:58,-07:00,2025-05-02T22:30:58-07:00,7,14
projects/projects.js,79,js,4620788c,Varick Janiro Hasim,2025-05-02,22:30:58,-07:00,2025-05-02T22:30:58-07:00,7,26
projects/projects.js,80,js,4620788c,Varick Janiro Hasim,2025-05-02,22:30:58,-07:00,2025-05-02T22:30:58-07:00,8,99
projects/projects.js,81,js,4620788c,Varick Janiro Hasim,2025-05-02,22:30:58,-07:00,2025-05-02T22:30:58-07:00,6,1
projects/projects.js,82,js,4620788c,Varick Janiro Hasim,2025-05-02,22:30:58,-07:00,2025-05-02T22:30:58-07:00,7,0
projects/projects.js,83,js,4620788c,Varick Janiro Hasim,2025-05-02,22:30:58,-07:00,2025-05-02T22:30:58-07:00,4,1
projects/projects.js,84,js,4620788c,Varick Janiro Hasim,2025-05-02,22:30:58,-07:00,2025-05-02T22:30:58-07:00,2,0
projects/projects.js,85,js,4620788c,Varick Janiro Hasim,2025-05-02,22:30:58,-07:00,2025-05-02T22:30:58-07:00,0,0
projects/projects.js,86,js,4620788c,Varick Janiro Hasim,2025-05-02,22:30:58,-07:00,2025-05-02T22:30:58-07:00,2,24
projects/projects.js,87,js,4620788c,Varick Janiro Hasim,2025-05-02,22:30:58,-07:00,2025-05-02T22:30:58-07:00,2,4
projects/projects.js,88,js,4620788c,Varick Janiro Hasim,2025-05-02,22:30:58,-07:00,2025-05-02T22:30:58-07:00,4,11
projects/projects.js,89,js,4620788c,Varick Janiro Hasim,2025-05-02,22:30:58,-07:00,2025-05-02T22:30:58-07:00,4,93
projects/projects.js,90,js,4620788c,Varick Janiro Hasim,2025-05-02,22:30:58,-07:00,2025-05-02T22:30:58-07:00,4,25
projects/projects.js,91,js,4620788c,Varick Janiro Hasim,2025-05-02,22:30:58,-07:00,2025-05-02T22:30:58-07:00,4,121
projects/projects.js,92,js,4620788c,Varick Janiro Hasim,2025-05-02,22:30:58,-07:00,2025-05-02T22:30:58-07:00,2,0
projects/projects.js,93,js,4620788c,Varick Janiro Hasim,2025-05-02,22:30:58,-07:00,2025-05-02T22:30:58-07:00,0,0
projects/projects.js,94,js,4620788c,Varick Janiro Hasim,2025-05-02,22:30:58,-07:00,2025-05-02T22:30:58-07:00,1,0
projects/projects.js,95,js,4620788c,Varick Janiro Hasim,2025-05-02,22:30:58,-07:00,2025-05-02T22:30:58-07:00,0,32
projects/projects.js,96,js,4620788c,Varick Janiro Hasim,2025-05-02,22:30:58,-07:00,2025-05-02T22:30:58-07:00,0,0
projects/projects.js,97,js,4620788c,Varick Janiro Hasim,2025-05-02,22:30:58,-07:00,2025-05-02T22:30:58-07:00,0,23
projects/projects.js,98,js,4620788c,Varick Janiro Hasim,2025-05-02,22:30:58,-07:00,2025-05-02T22:30:58-07:00,0,0
projects/projects.js,99,js,4620788c,Varick Janiro Hasim,2025-05-02,22:30:58,-07:00,2025-05-02T22:30:58-07:00,0,13
projects/projects.js,100,js,4620788c,Varick Janiro Hasim,2025-05-02,22:30:58,-07:00,2025-05-02T22:30:58-07:00,0,53
projects/projects.js,101,js,4620788c,Varick Janiro Hasim,2025-05-02,22:30:58,-07:00,2025-05-02T22:30:58-07:00,0,0
projects/projects.js,102,js,4620788c,Varick Janiro Hasim,2025-05-02,22:30:58,-07:00,2025-05-02T22:30:58-07:00,0,49
projects/projects.js,103,js,4620788c,Varick Janiro Hasim,2025-05-02,22:30:58,-07:00,2025-05-02T22:30:58-07:00,2,19
projects/projects.js,104,js,4620788c,Varick Janiro Hasim,2025-05-02,22:30:58,-07:00,2025-05-02T22:30:58-07:00,2,25
projects/projects.js,105,js,4620788c,Varick Janiro Hasim,2025-05-02,22:30:58,-07:00,2025-05-02T22:30:58-07:00,2,16
projects/projects.js,106,js,4620788c,Varick Janiro Hasim,2025-05-02,22:30:58,-07:00,2025-05-02T22:30:58-07:00,2,51
projects/projects.js,107,js,4620788c,Varick Janiro Hasim,2025-05-02,22:30:58,-07:00,2025-05-02T22:30:58-07:00,4,59
projects/projects.js,108,js,4620788c,Varick Janiro Hasim,2025-05-02,22:30:58,-07:00,2025-05-02T22:30:58-07:00,4,42
projects/projects.js,109,js,4620788c,Varick Janiro Hasim,2025-05-02,22:30:58,-07:00,2025-05-02T22:30:58-07:00,2,1
projects/projects.js,110,js,4620788c,Varick Janiro Hasim,2025-05-02,22:30:58,-07:00,2025-05-02T22:30:58-07:00,2,52
projects/projects.js,111,js,4620788c,Varick Janiro Hasim,2025-05-02,22:30:58,-07:00,2025-05-02T22:30:58-07:00,2,56
projects/projects.js,112,js,4620788c,Varick Janiro Hasim,2025-05-02,22:30:58,-07:00,2025-05-02T22:30:58-07:00,2,28
projects/projects.js,113,js,4620788c,Varick Janiro Hasim,2025-05-02,22:30:58,-07:00,2025-05-02T22:30:58-07:00,2,32
projects/projects.js,114,js,4620788c,Varick Janiro Hasim,2025-05-02,22:30:58,-07:00,2025-05-02T22:30:58-07:00,2,36
projects/projects.js,115,js,4620788c,Varick Janiro Hasim,2025-05-02,22:30:58,-07:00,2025-05-02T22:30:58-07:00,2,34
projects/projects.js,116,js,4620788c,Varick Janiro Hasim,2025-05-02,22:30:58,-07:00,2025-05-02T22:30:58-07:00,2,31
projects/projects.js,117,js,00000000,Not Committed Yet,2025-05-08,16:22:49,-07:00,2025-05-08T16:22:49-07:00,0,1
projects/index.html,1,html,79f8001d,Varick Janiro Hasim,2025-04-04,23:23:14,-07:00,2025-04-04T23:23:14-07:00,0,13
projects/index.html,2,html,79f8001d,Varick Janiro Hasim,2025-04-04,23:23:14,-07:00,2025-04-04T23:23:14-07:00,0,14
projects/index.html,3,html,79f8001d,Varick Janiro Hasim,2025-04-04,23:23:14,-07:00,2025-04-04T23:23:14-07:00,0,4
projects/index.html,4,html,79f8001d,Varick Janiro Hasim,2025-04-04,23:23:14,-07:00,2025-04-04T23:23:14-07:00,2,20
projects/index.html,5,html,79f8001d,Varick Janiro Hasim,2025-04-04,23:23:14,-07:00,2025-04-04T23:23:14-07:00,2,41
projects/index.html,6,html,79f8001d,Varick Janiro Hasim,2025-04-04,23:23:14,-07:00,2025-04-04T23:23:14-07:00,2,68
projects/index.html,7,html,79f8001d,Varick Janiro Hasim,2025-04-04,23:23:14,-07:00,2025-04-04T23:23:14-07:00,2,30
projects/index.html,8,html,36e2dc98,Varick Janiro Hasim,2025-04-17,23:37:27,-07:00,2025-04-17T23:37:27-07:00,2,48
projects/index.html,9,html,79f8001d,Varick Janiro Hasim,2025-04-04,23:23:14,-07:00,2025-04-04T23:23:14-07:00,0,5
projects/index.html,10,html,589fdff0,Varick Janiro Hasim,2025-04-25,14:41:02,-07:00,2025-04-25T14:41:02-07:00,0,5
projects/index.html,11,html,589fdff0,Varick Janiro Hasim,2025-04-25,14:41:02,-07:00,2025-04-25T14:41:02-07:00,2,3
projects/index.html,12,html,589fdff0,Varick Janiro Hasim,2025-04-25,14:41:02,-07:00,2025-04-25T14:41:02-07:00,4,10
projects/index.html,13,html,589fdff0,Varick Janiro Hasim,2025-04-25,14:41:02,-07:00,2025-04-25T14:41:02-07:00,4,11
projects/index.html,14,html,589fdff0,Varick Janiro Hasim,2025-04-25,14:41:02,-07:00,2025-04-25T14:41:02-07:00,4,17
projects/index.html,15,html,589fdff0,Varick Janiro Hasim,2025-04-25,14:41:02,-07:00,2025-04-25T14:41:02-07:00,2,0
projects/index.html,16,html,589fdff0,Varick Janiro Hasim,2025-04-25,14:41:02,-07:00,2025-04-25T14:41:02-07:00,0,6
projects/index.html,17,html,79f8001d,Varick Janiro Hasim,2025-04-04,23:23:14,-07:00,2025-04-04T23:23:14-07:00,0,4
projects/index.html,18,html,36e2dc98,Varick Janiro Hasim,2025-04-17,23:37:27,-07:00,2025-04-17T23:37:27-07:00,2,8
projects/index.html,19,html,79f8001d,Varick Janiro Hasim,2025-04-04,23:23:14,-07:00,2025-04-04T23:23:14-07:00,4,2
projects/index.html,20,html,79f8001d,Varick Janiro Hasim,2025-04-04,23:23:14,-07:00,2025-04-04T23:23:14-07:00,6,44
projects/index.html,21,html,36e2dc98,Varick Janiro Hasim,2025-04-17,23:37:27,-07:00,2025-04-17T23:37:27-07:00,6,45
projects/index.html,22,html,79f8001d,Varick Janiro Hasim,2025-04-04,23:23:14,-07:00,2025-04-04T23:23:14-07:00,6,55
projects/index.html,23,html,79f8001d,Varick Janiro Hasim,2025-04-04,23:23:14,-07:00,2025-04-04T23:23:14-07:00,6,48
projects/index.html,24,html,79f8001d,Varick Janiro Hasim,2025-04-04,23:23:14,-07:00,2025-04-04T23:23:14-07:00,6,71
projects/index.html,25,html,79f8001d,Varick Janiro Hasim,2025-04-04,23:23:14,-07:00,2025-04-04T23:23:14-07:00,4,3
projects/index.html,26,html,36e2dc98,Varick Janiro Hasim,2025-04-17,23:37:27,-07:00,2025-04-17T23:37:27-07:00,2,8
projects/index.html,27,html,589fdff0,Varick Janiro Hasim,2025-04-25,14:41:02,-07:00,2025-04-25T14:41:02-07:00,2,49
projects/index.html,28,html,4620788c,Varick Janiro Hasim,2025-05-02,22:30:58,-07:00,2025-05-02T22:30:58-07:00,2,23
projects/index.html,29,html,4620788c,Varick Janiro Hasim,2025-05-02,22:30:58,-07:00,2025-05-02T22:30:58-07:00,4,58
projects/index.html,30,html,4620788c,Varick Janiro Hasim,2025-05-02,22:30:58,-07:00,2025-05-02T22:30:58-07:00,4,22
projects/index.html,31,html,4620788c,Varick Janiro Hasim,2025-05-02,22:30:58,-07:00,2025-05-02T22:30:58-07:00,2,4
projects/index.html,32,html,4620788c,Varick Janiro Hasim,2025-05-02,22:30:58,-07:00,2025-05-02T22:30:58-07:00,2,4
projects/index.html,33,html,4620788c,Varick Janiro Hasim,2025-05-02,22:30:58,-07:00,2025-05-02T22:30:58-07:00,2,15
projects/index.html,34,html,4620788c,Varick Janiro Hasim,2025-05-02,22:30:58,-07:00,2025-05-02T22:30:58-07:00,2,11
projects/index.html,35,html,4620788c,Varick Janiro Hasim,2025-05-02,22:30:58,-07:00,2025-05-02T22:30:58-07:00,2,26
projects/index.html,36,html,4620788c,Varick Janiro Hasim,2025-05-02,22:30:58,-07:00,2025-05-02T22:30:58-07:00,2,31
projects/index.html,37,html,4620788c,Varick Janiro Hasim,2025-05-02,22:30:58,-07:00,2025-05-02T22:30:58-07:00,2,0
projects/index.html,38,html,a3961329,Varick Janiro Hasim,2025-04-10,14:14:51,-07:00,2025-04-10T14:14:51-07:00,2,20
projects/index.html,39,html,589fdff0,Varick Janiro Hasim,2025-04-25,14:41:02,-07:00,2025-04-25T14:41:02-07:00,4,12
projects/index.html,40,html,a3961329,Varick Janiro Hasim,2025-04-10,14:14:51,-07:00,2025-04-10T14:14:51-07:00,6,29
projects/index.html,41,html,a3961329,Varick Janiro Hasim,2025-04-10,14:14:51,-07:00,2025-04-10T14:14:51-07:00,6,70
projects/index.html,42,html,a3961329,Varick Janiro Hasim,2025-04-10,14:14:51,-07:00,2025-04-10T14:14:51-07:00,6,219
projects/index.html,43,html,a3961329,Varick Janiro Hasim,2025-04-10,14:14:51,-07:00,2025-04-10T14:14:51-07:00,4,8
projects/index.html,44,html,a3961329,Varick Janiro Hasim,2025-04-10,14:14:51,-07:00,2025-04-10T14:14:51-07:00,4,7
projects/index.html,45,html,a3961329,Varick Janiro Hasim,2025-04-10,14:14:51,-07:00,2025-04-10T14:14:51-07:00,6,39
projects/index.html,46,html,a3961329,Varick Janiro Hasim,2025-04-10,14:14:51,-07:00,2025-04-10T14:14:51-07:00,6,70
projects/index.html,47,html,a3961329,Varick Janiro Hasim,2025-04-10,14:14:51,-07:00,2025-04-10T14:14:51-07:00,6,214
projects/index.html,48,html,a3961329,Varick Janiro Hasim,2025-04-10,14:14:51,-07:00,2025-04-10T14:14:51-07:00,4,8
projects/index.html,49,html,a3961329,Varick Janiro Hasim,2025-04-10,14:14:51,-07:00,2025-04-10T14:14:51-07:00,4,7
projects/index.html,50,html,a3961329,Varick Janiro Hasim,2025-04-10,14:14:51,-07:00,2025-04-10T14:14:51-07:00,6,33
projects/index.html,51,html,a3961329,Varick Janiro Hasim,2025-04-10,14:14:51,-07:00,2025-04-10T14:14:51-07:00,6,70
projects/index.html,52,html,a3961329,Varick Janiro Hasim,2025-04-10,14:14:51,-07:00,2025-04-10T14:14:51-07:00,6,267
projects/index.html,53,html,a3961329,Varick Janiro Hasim,2025-04-10,14:14:51,-07:00,2025-04-10T14:14:51-07:00,4,8
projects/index.html,54,html,a3961329,Varick Janiro Hasim,2025-04-10,14:14:51,-07:00,2025-04-10T14:14:51-07:00,4,7
projects/index.html,55,html,a3961329,Varick Janiro Hasim,2025-04-10,14:14:51,-07:00,2025-04-10T14:14:51-07:00,6,30
projects/index.html,56,html,a3961329,Varick Janiro Hasim,2025-04-10,14:14:51,-07:00,2025-04-10T14:14:51-07:00,6,70
projects/index.html,57,html,a3961329,Varick Janiro Hasim,2025-04-10,14:14:51,-07:00,2025-04-10T14:14:51-07:00,6,225
projects/index.html,58,html,a3961329,Varick Janiro Hasim,2025-04-10,14:14:51,-07:00,2025-04-10T14:14:51-07:00,4,8
projects/index.html,59,html,a3961329,Varick Janiro Hasim,2025-04-10,14:14:51,-07:00,2025-04-10T14:14:51-07:00,4,7
projects/index.html,60,html,a3961329,Varick Janiro Hasim,2025-04-10,14:14:51,-07:00,2025-04-10T14:14:51-07:00,6,35
projects/index.html,61,html,a3961329,Varick Janiro Hasim,2025-04-10,14:14:51,-07:00,2025-04-10T14:14:51-07:00,6,70
projects/index.html,62,html,a3961329,Varick Janiro Hasim,2025-04-10,14:14:51,-07:00,2025-04-10T14:14:51-07:00,6,226
projects/index.html,63,html,a3961329,Varick Janiro Hasim,2025-04-10,14:14:51,-07:00,2025-04-10T14:14:51-07:00,4,8
projects/index.html,64,html,a3961329,Varick Janiro Hasim,2025-04-10,14:14:51,-07:00,2025-04-10T14:14:51-07:00,4,7
projects/index.html,65,html,a3961329,Varick Janiro Hasim,2025-04-10,14:14:51,-07:00,2025-04-10T14:14:51-07:00,6,29
projects/index.html,66,html,a3961329,Varick Janiro Hasim,2025-04-10,14:14:51,-07:00,2025-04-10T14:14:51-07:00,6,70
projects/index.html,67,html,a3961329,Varick Janiro Hasim,2025-04-10,14:14:51,-07:00,2025-04-10T14:14:51-07:00,6,217
projects/index.html,68,html,a3961329,Varick Janiro Hasim,2025-04-10,14:14:51,-07:00,2025-04-10T14:14:51-07:00,4,8
projects/index.html,69,html,a3961329,Varick Janiro Hasim,2025-04-10,14:14:51,-07:00,2025-04-10T14:14:51-07:00,4,7
projects/index.html,70,html,a3961329,Varick Janiro Hasim,2025-04-10,14:14:51,-07:00,2025-04-10T14:14:51-07:00,6,31
projects/index.html,71,html,a3961329,Varick Janiro Hasim,2025-04-10,14:14:51,-07:00,2025-04-10T14:14:51-07:00,6,70
projects/index.html,72,html,a3961329,Varick Janiro Hasim,2025-04-10,14:14:51,-07:00,2025-04-10T14:14:51-07:00,6,216
projects/index.html,73,html,a3961329,Varick Janiro Hasim,2025-04-10,14:14:51,-07:00,2025-04-10T14:14:51-07:00,4,8
projects/index.html,74,html,a3961329,Varick Janiro Hasim,2025-04-10,14:14:51,-07:00,2025-04-10T14:14:51-07:00,4,7
projects/index.html,75,html,a3961329,Varick Janiro Hasim,2025-04-10,14:14:51,-07:00,2025-04-10T14:14:51-07:00,6,44
projects/index.html,76,html,a3961329,Varick Janiro Hasim,2025-04-10,14:14:51,-07:00,2025-04-10T14:14:51-07:00,6,70
projects/index.html,77,html,a3961329,Varick Janiro Hasim,2025-04-10,14:14:51,-07:00,2025-04-10T14:14:51-07:00,6,244
projects/index.html,78,html,a3961329,Varick Janiro Hasim,2025-04-10,14:14:51,-07:00,2025-04-10T14:14:51-07:00,4,8
projects/index.html,79,html,a3961329,Varick Janiro Hasim,2025-04-10,14:14:51,-07:00,2025-04-10T14:14:51-07:00,4,7
projects/index.html,80,html,a3961329,Varick Janiro Hasim,2025-04-10,14:14:51,-07:00,2025-04-10T14:14:51-07:00,6,37
projects/index.html,81,html,a3961329,Varick Janiro Hasim,2025-04-10,14:14:51,-07:00,2025-04-10T14:14:51-07:00,6,70
projects/index.html,82,html,a3961329,Varick Janiro Hasim,2025-04-10,14:14:51,-07:00,2025-04-10T14:14:51-07:00,6,234
projects/index.html,83,html,a3961329,Varick Janiro Hasim,2025-04-10,14:14:51,-07:00,2025-04-10T14:14:51-07:00,4,8
projects/index.html,84,html,a3961329,Varick Janiro Hasim,2025-04-10,14:14:51,-07:00,2025-04-10T14:14:51-07:00,4,7
projects/index.html,85,html,a3961329,Varick Janiro Hasim,2025-04-10,14:14:51,-07:00,2025-04-10T14:14:51-07:00,6,36
projects/index.html,86,html,a3961329,Varick Janiro Hasim,2025-04-10,14:14:51,-07:00,2025-04-10T14:14:51-07:00,6,70
projects/index.html,87,html,a3961329,Varick Janiro Hasim,2025-04-10,14:14:51,-07:00,2025-04-10T14:14:51-07:00,6,221
projects/index.html,88,html,a3961329,Varick Janiro Hasim,2025-04-10,14:14:51,-07:00,2025-04-10T14:14:51-07:00,4,8
projects/index.html,89,html,a3961329,Varick Janiro Hasim,2025-04-10,14:14:51,-07:00,2025-04-10T14:14:51-07:00,4,7
projects/index.html,90,html,a3961329,Varick Janiro Hasim,2025-04-10,14:14:51,-07:00,2025-04-10T14:14:51-07:00,6,29
projects/index.html,91,html,a3961329,Varick Janiro Hasim,2025-04-10,14:14:51,-07:00,2025-04-10T14:14:51-07:00,6,70
projects/index.html,92,html,a3961329,Varick Janiro Hasim,2025-04-10,14:14:51,-07:00,2025-04-10T14:14:51-07:00,6,245
projects/index.html,93,html,a3961329,Varick Janiro Hasim,2025-04-10,14:14:51,-07:00,2025-04-10T14:14:51-07:00,4,8
projects/index.html,94,html,a3961329,Varick Janiro Hasim,2025-04-10,14:14:51,-07:00,2025-04-10T14:14:51-07:00,4,7
projects/index.html,95,html,a3961329,Varick Janiro Hasim,2025-04-10,14:14:51,-07:00,2025-04-10T14:14:51-07:00,6,34
projects/index.html,96,html,a3961329,Varick Janiro Hasim,2025-04-10,14:14:51,-07:00,2025-04-10T14:14:51-07:00,6,70
projects/index.html,97,html,a3961329,Varick Janiro Hasim,2025-04-10,14:14:51,-07:00,2025-04-10T14:14:51-07:00,6,215
projects/index.html,98,html,589fdff0,Varick Janiro Hasim,2025-04-25,14:41:02,-07:00,2025-04-25T14:41:02-07:00,4,12
projects/index.html,99,html,589fdff0,Varick Janiro Hasim,2025-04-25,14:41:02,-07:00,2025-04-25T14:41:02-07:00,4,47
projects/index.html,100,html,a3961329,Varick Janiro Hasim,2025-04-10,14:14:51,-07:00,2025-04-10T14:14:51-07:00,2,4
projects/index.html,101,html,79f8001d,Varick Janiro Hasim,2025-04-04,23:23:14,-07:00,2025-04-04T23:23:14-07:00,0,5
projects/index.html,102,html,79f8001d,Varick Janiro Hasim,2025-04-04,23:23:14,-07:00,2025-04-04T23:23:14-07:00,0,5
contact/index.html,1,html,79f8001d,Varick Janiro Hasim,2025-04-04,23:23:14,-07:00,2025-04-04T23:23:14-07:00,0,13
contact/index.html,2,html,79f8001d,Varick Janiro Hasim,2025-04-04,23:23:14,-07:00,2025-04-04T23:23:14-07:00,0,14
contact/index.html,3,html,79f8001d,Varick Janiro Hasim,2025-04-04,23:23:14,-07:00,2025-04-04T23:23:14-07:00,0,4
contact/index.html,4,html,79f8001d,Varick Janiro Hasim,2025-04-04,23:23:14,-07:00,2025-04-04T23:23:14-07:00,2,20
contact/index.html,5,html,79f8001d,Varick Janiro Hasim,2025-04-04,23:23:14,-07:00,2025-04-04T23:23:14-07:00,2,41
contact/index.html,6,html,79f8001d,Varick Janiro Hasim,2025-04-04,23:23:14,-07:00,2025-04-04T23:23:14-07:00,2,68
contact/index.html,7,html,79f8001d,Varick Janiro Hasim,2025-04-04,23:23:14,-07:00,2025-04-04T23:23:14-07:00,2,32
contact/index.html,8,html,36e2dc98,Varick Janiro Hasim,2025-04-17,23:37:27,-07:00,2025-04-17T23:37:27-07:00,2,48
contact/index.html,9,html,79f8001d,Varick Janiro Hasim,2025-04-04,23:23:14,-07:00,2025-04-04T23:23:14-07:00,0,5
contact/index.html,10,html,79f8001d,Varick Janiro Hasim,2025-04-04,23:23:14,-07:00,2025-04-04T23:23:14-07:00,0,4
contact/index.html,11,html,36e2dc98,Varick Janiro Hasim,2025-04-17,23:37:27,-07:00,2025-04-17T23:37:27-07:00,2,8
contact/index.html,12,html,79f8001d,Varick Janiro Hasim,2025-04-04,23:23:14,-07:00,2025-04-04T23:23:14-07:00,4,2
contact/index.html,13,html,79f8001d,Varick Janiro Hasim,2025-04-04,23:23:14,-07:00,2025-04-04T23:23:14-07:00,6,44
contact/index.html,14,html,79f8001d,Varick Janiro Hasim,2025-04-04,23:23:14,-07:00,2025-04-04T23:23:14-07:00,6,57
contact/index.html,15,html,36e2dc98,Varick Janiro Hasim,2025-04-17,23:37:27,-07:00,2025-04-17T23:37:27-07:00,6,44
contact/index.html,16,html,79f8001d,Varick Janiro Hasim,2025-04-04,23:23:14,-07:00,2025-04-04T23:23:14-07:00,6,48
contact/index.html,17,html,79f8001d,Varick Janiro Hasim,2025-04-04,23:23:14,-07:00,2025-04-04T23:23:14-07:00,6,71
contact/index.html,18,html,79f8001d,Varick Janiro Hasim,2025-04-04,23:23:14,-07:00,2025-04-04T23:23:14-07:00,4,3
contact/index.html,19,html,36e2dc98,Varick Janiro Hasim,2025-04-17,23:37:27,-07:00,2025-04-17T23:37:27-07:00,2,8
contact/index.html,20,html,79f8001d,Varick Janiro Hasim,2025-04-04,23:23:14,-07:00,2025-04-04T23:23:14-07:00,2,28
contact/index.html,21,html,79f8001d,Varick Janiro Hasim,2025-04-04,23:23:14,-07:00,2025-04-04T23:23:14-07:00,2,64
contact/index.html,22,html,79f8001d,Varick Janiro Hasim,2025-04-04,23:23:14,-07:00,2025-04-04T23:23:14-07:00,4,23
contact/index.html,23,html,79f8001d,Varick Janiro Hasim,2025-04-04,23:23:14,-07:00,2025-04-04T23:23:14-07:00,5,69
contact/index.html,24,html,79f8001d,Varick Janiro Hasim,2025-04-04,23:23:14,-07:00,2025-04-04T23:23:14-07:00,4,6
contact/index.html,25,html,79f8001d,Varick Janiro Hasim,2025-04-04,23:23:14,-07:00,2025-04-04T23:23:14-07:00,4,2
contact/index.html,26,html,79f8001d,Varick Janiro Hasim,2025-04-04,23:23:14,-07:00,2025-04-04T23:23:14-07:00,4,27
contact/index.html,27,html,79f8001d,Varick Janiro Hasim,2025-04-04,23:23:14,-07:00,2025-04-04T23:23:14-07:00,5,48
contact/index.html,28,html,79f8001d,Varick Janiro Hasim,2025-04-04,23:23:14,-07:00,2025-04-04T23:23:14-07:00,4,6
contact/index.html,29,html,79f8001d,Varick Janiro Hasim,2025-04-04,23:23:14,-07:00,2025-04-04T23:23:14-07:00,4,2
contact/index.html,30,html,79f8001d,Varick Janiro Hasim,2025-04-04,23:23:14,-07:00,2025-04-04T23:23:14-07:00,4,24
contact/index.html,31,html,79f8001d,Varick Janiro Hasim,2025-04-04,23:23:14,-07:00,2025-04-04T23:23:14-07:00,5,67
contact/index.html,32,html,79f8001d,Varick Janiro Hasim,2025-04-04,23:23:14,-07:00,2025-04-04T23:23:14-07:00,4,6
contact/index.html,33,html,79f8001d,Varick Janiro Hasim,2025-04-04,23:23:14,-07:00,2025-04-04T23:23:14-07:00,4,2
contact/index.html,34,html,79f8001d,Varick Janiro Hasim,2025-04-04,23:23:14,-07:00,2025-04-04T23:23:14-07:00,4,21
contact/index.html,35,html,79f8001d,Varick Janiro Hasim,2025-04-04,23:23:14,-07:00,2025-04-04T23:23:14-07:00,3,5
contact/index.html,36,html,79f8001d,Varick Janiro Hasim,2025-04-04,23:23:14,-07:00,2025-04-04T23:23:14-07:00,0,5
contact/index.html,37,html,79f8001d,Varick Janiro Hasim,2025-04-04,23:23:14,-07:00,2025-04-04T23:23:14-07:00,0,5
